observation_date,CPIAUCSL,cpi_yoy_pct
2007-01-01,203.437,2.076
2007-02-01,204.226,2.42
2007-03-01,205.288,2.798
2007-04-01,205.904,2.593
2007-05-01,206.755,2.71
2007-06-01,207.234,2.693
2007-07-01,207.603,2.318
2007-08-01,207.667,1.897
2007-09-01,208.547,2.834
2007-10-01,209.19,3.611
2007-11-01,210.834,4.373
2007-12-01,211.445,4.109
2008-01-01,212.174,4.295
2008-02-01,212.687,4.143
2008-03-01,213.448,3.975
2008-04-01,213.942,3.904
2008-05-01,215.208,4.088
2008-06-01,217.463,4.936
2008-07-01,219.016,5.498
2008-08-01,218.69,5.308
2008-09-01,218.877,4.953
2008-10-01,216.995,3.731
2008-11-01,213.153,1.1
2008-12-01,211.398,-0.022
2009-01-01,211.933,-0.114
2009-02-01,212.705,0.008
2009-03-01,212.495,-0.446
2009-04-01,212.709,-0.576
2009-05-01,213.022,-1.016
2009-06-01,214.79,-1.229
2009-07-01,214.726,-1.959
2009-08-01,215.445,-1.484
2009-09-01,215.861,-1.378
2009-10-01,216.509,-0.224
2009-11-01,217.234,1.915
2009-12-01,217.347,2.814
2010-01-01,217.488,2.621
2010-02-01,217.281,2.151
2010-03-01,217.353,2.286
2010-04-01,217.403,2.207
2010-05-01,217.29,2.004
2010-06-01,217.199,1.122
2010-07-01,217.605,1.341
2010-08-01,217.923,1.15
2010-09-01,218.275,1.118
2010-10-01,219.035,1.167
2010-11-01,219.59,1.085
2010-12-01,220.472,1.438
2011-01-01,221.187,1.701
2011-02-01,221.898,2.125
2011-03-01,223.046,2.619
2011-04-01,224.093,3.077
2011-05-01,224.806,3.459
2011-06-01,224.806,3.502
2011-07-01,225.395,3.58
2011-08-01,226.106,3.755
2011-09-01,226.597,3.813
2011-10-01,226.75,3.522
2011-11-01,227.169,3.451
2011-12-01,227.223,3.062
2012-01-01,227.842,3.009
2012-02-01,228.329,2.898
2012-03-01,228.807,2.583
2012-04-01,229.187,2.273
2012-05-01,228.713,1.738
2012-06-01,228.524,1.654
2012-07-01,228.59,1.418
2012-08-01,229.918,1.686
2012-09-01,231.015,1.95
2012-10-01,231.638,2.156
2012-11-01,231.249,1.796
2012-12-01,231.221,1.76
2013-01-01,231.679,1.684
2013-02-01,232.937,2.018
2013-03-01,232.282,1.519
2013-04-01,231.797,1.139
2013-05-01,231.893,1.39
2013-06-01,232.445,1.716
2013-07-01,232.9,1.885
2013-08-01,233.456,1.539
2013-09-01,233.544,1.095
2013-10-01,233.669,0.877
2013-11-01,234.1,1.233
2013-12-01,234.719,1.513
2014-01-01,235.288,1.558
2014-02-01,235.547,1.12
2014-03-01,236.028,1.613
2014-04-01,236.468,2.015
2014-05-01,236.918,2.167
2014-06-01,237.231,2.059
2014-07-01,237.498,1.974
2014-08-01,237.46,1.715
2014-09-01,237.477,1.684
2014-10-01,237.43,1.61
2014-11-01,236.983,1.232
2014-12-01,236.252,0.653
2015-01-01,234.747,-0.23
2015-02-01,235.342,-0.087
2015-03-01,235.976,-0.022
2015-04-01,236.222,-0.104
2015-05-01,237.001,0.035
2015-06-01,237.657,0.18
2015-07-01,238.034,0.226
2015-08-01,238.033,0.241
2015-09-01,237.498,0.009
2015-10-01,237.733,0.128
2015-11-01,238.017,0.436
2015-12-01,237.761,0.639
2016-01-01,237.652,1.238
2016-02-01,237.336,0.847
2016-03-01,238.08,0.892
2016-04-01,238.992,1.173
2016-05-01,239.557,1.078
2016-06-01,240.222,1.079
2016-07-01,240.101,0.868
2016-08-01,240.545,1.055
2016-09-01,241.176,1.549
2016-10-01,241.741,1.686
2016-11-01,242.026,1.684
2016-12-01,242.637,2.051
2017-01-01,243.618,2.51
2017-02-01,244.006,2.81
2017-03-01,243.892,2.441
2017-04-01,244.193,2.176
2017-05-01,244.004,1.856
2017-06-01,244.163,1.641
2017-07-01,244.243,1.725
2017-08-01,245.183,1.928
2017-09-01,246.435,2.181
2017-10-01,246.626,2.021
2017-11-01,247.284,2.172
2017-12-01,247.805,2.13
2018-01-01,248.859,2.151
2018-02-01,249.529,2.263
2018-03-01,249.577,2.331
2018-04-01,250.227,2.471
2018-05-01,250.792,2.782
2018-06-01,251.018,2.808
2018-07-01,251.214,2.854
2018-08-01,251.663,2.643
2018-09-01,252.182,2.332
2018-10-01,252.772,2.492
2018-11-01,252.594,2.147
2018-12-01,252.767,2.002
2019-01-01,252.561,1.488
2019-02-01,253.319,1.519
2019-03-01,254.277,1.883
2019-04-01,255.233,2.001
2019-05-01,255.296,1.796
2019-06-01,255.213,1.671
2019-07-01,255.802,1.826
2019-08-01,256.036,1.738
2019-09-01,256.43,1.684
2019-10-01,257.155,1.734
2019-11-01,257.879,2.092
2019-12-01,258.63,2.32
2020-01-01,259.127,2.6
2020-02-01,259.25,2.341
2020-03-01,258.076,1.494
2020-04-01,256.032,0.313
2020-05-01,255.802,0.198
2020-06-01,257.042,0.717
2020-07-01,258.352,0.997
2020-08-01,259.316,1.281
2020-09-01,259.997,1.391
