observation_date,GS10,GS2,spread_10y2y
2007-01-01,4.76,4.88,-0.12
2007-02-01,4.72,4.85,-0.13
2007-03-01,4.56,4.57,-0.01
2007-04-01,4.69,4.67,0.02
2007-05-01,4.75,4.77,-0.02
2007-06-01,5.1,4.98,0.12
2007-07-01,5.0,4.82,0.18
2007-08-01,4.67,4.31,0.36
2007-09-01,4.52,4.01,0.51
2007-10-01,4.53,3.97,0.56
2007-11-01,4.15,3.34,0.81
2007-12-01,4.1,3.12,0.98
2008-01-01,3.74,2.48,1.26
2008-02-01,3.74,1.97,1.77
2008-03-01,3.51,1.62,1.89
2008-04-01,3.68,2.05,1.63
2008-05-01,3.88,2.45,1.43
2008-06-01,4.1,2.77,1.33
2008-07-01,4.01,2.57,1.44
2008-08-01,3.89,2.42,1.47
2008-09-01,3.69,2.08,1.61
2008-10-01,3.81,1.61,2.2
2008-11-01,3.53,1.21,2.32
2008-12-01,2.42,0.82,1.6
2009-01-01,2.52,0.81,1.71
2009-02-01,2.87,0.98,1.89
2009-03-01,2.82,0.93,1.89
2009-04-01,2.93,0.93,2.0
2009-05-01,3.29,0.93,2.36
2009-06-01,3.72,1.18,2.54
2009-07-01,3.56,1.02,2.54
2009-08-01,3.59,1.12,2.47
2009-09-01,3.4,0.96,2.44
2009-10-01,3.39,0.95,2.44
2009-11-01,3.4,0.8,2.6
2009-12-01,3.59,0.87,2.72
2010-01-01,3.73,0.93,2.8
2010-02-01,3.69,0.86,2.83
2010-03-01,3.73,0.96,2.77
2010-04-01,3.85,1.06,2.79
2010-05-01,3.42,0.83,2.59
2010-06-01,3.2,0.72,2.48
2010-07-01,3.01,0.62,2.39
2010-08-01,2.7,0.52,2.18
2010-09-01,2.65,0.48,2.17
2010-10-01,2.54,0.38,2.16
2010-11-01,2.76,0.45,2.31
2010-12-01,3.29,0.62,2.67
2011-01-01,3.39,0.61,2.78
2011-02-01,3.58,0.77,2.81
2011-03-01,3.41,0.7,2.71
2011-04-01,3.46,0.73,2.73
2011-05-01,3.17,0.56,2.61
2011-06-01,3.0,0.41,2.59
2011-07-01,3.0,0.41,2.59
2011-08-01,2.3,0.23,2.07
2011-09-01,1.98,0.21,1.77
2011-10-01,2.15,0.28,1.87
2011-11-01,2.01,0.25,1.76
2011-12-01,1.98,0.26,1.72
2012-01-01,1.97,0.24,1.73
2012-02-01,1.97,0.28,1.69
2012-03-01,2.17,0.34,1.83
2012-04-01,2.05,0.29,1.76
2012-05-01,1.8,0.29,1.51
2012-06-01,1.62,0.29,1.33
2012-07-01,1.53,0.25,1.28
2012-08-01,1.68,0.27,1.41
2012-09-01,1.72,0.26,1.46
2012-10-01,1.75,0.28,1.47
2012-11-01,1.65,0.27,1.38
2012-12-01,1.72,0.26,1.46
2013-01-01,1.91,0.27,1.64
2013-02-01,1.98,0.27,1.71
2013-03-01,1.96,0.26,1.7
2013-04-01,1.76,0.23,1.53
2013-05-01,1.93,0.25,1.68
2013-06-01,2.3,0.33,1.97
2013-07-01,2.58,0.34,2.24
2013-08-01,2.74,0.36,2.38
2013-09-01,2.81,0.4,2.41
2013-10-01,2.62,0.34,2.28
2013-11-01,2.72,0.3,2.42
2013-12-01,2.9,0.34,2.56
2014-01-01,2.86,0.39,2.47
2014-02-01,2.71,0.33,2.38
2014-03-01,2.72,0.4,2.32
2014-04-01,2.71,0.42,2.29
2014-05-01,2.56,0.39,2.17
2014-06-01,2.6,0.45,2.15
2014-07-01,2.54,0.51,2.03
2014-08-01,2.42,0.47,1.95
2014-09-01,2.53,0.57,1.96
2014-10-01,2.3,0.45,1.85
2014-11-01,2.33,0.53,1.8
2014-12-01,2.21,0.64,1.57
2015-01-01,1.88,0.55,1.33
2015-02-01,1.98,0.62,1.36
2015-03-01,2.04,0.64,1.4
2015-04-01,1.94,0.54,1.4
2015-05-01,2.2,0.61,1.59
2015-06-01,2.36,0.69,1.67
2015-07-01,2.32,0.67,1.65
2015-08-01,2.17,0.7,1.47
2015-09-01,2.17,0.71,1.46
2015-10-01,2.07,0.64,1.43
2015-11-01,2.26,0.88,1.38
2015-12-01,2.24,0.98,1.26
2016-01-01,2.09,0.9,1.19
2016-02-01,1.78,0.73,1.05
2016-03-01,1.89,0.88,1.01
2016-04-01,1.81,0.77,1.04
2016-05-01,1.81,0.82,0.99
2016-06-01,1.64,0.73,0.91
2016-07-01,1.5,0.67,0.83
2016-08-01,1.56,0.74,0.82
2016-09-01,1.63,0.77,0.86
2016-10-01,1.76,0.84,0.92
2016-11-01,2.14,0.98,1.16
2016-12-01,2.49,1.2,1.29
2017-01-01,2.43,1.21,1.22
2017-02-01,2.42,1.2,1.22
2017-03-01,2.48,1.31,1.17
2017-04-01,2.3,1.24,1.06
2017-05-01,2.3,1.3,1.0
2017-06-01,2.19,1.34,0.85
2017-07-01,2.32,1.37,0.95
2017-08-01,2.21,1.34,0.87
2017-09-01,2.2,1.38,0.82
2017-10-01,2.36,1.55,0.81
2017-11-01,2.35,1.7,0.65
2017-12-01,2.4,1.84,0.56
2018-01-01,2.58,2.03,0.55
2018-02-01,2.86,2.18,0.68
2018-03-01,2.84,2.28,0.56
2018-04-01,2.87,2.38,0.49
2018-05-01,2.98,2.51,0.47
2018-06-01,2.91,2.53,0.38
2018-07-01,2.89,2.61,0.28
2018-08-01,2.89,2.64,0.25
2018-09-01,3.0,2.77,0.23
2018-10-01,3.15,2.86,0.29
2018-11-01,3.12,2.86,0.26
2018-12-01,2.83,2.68,0.15
2019-01-01,2.71,2.54,0.17
2019-02-01,2.68,2.5,0.18
2019-03-01,2.57,2.41,0.16
2019-04-01,2.53,2.34,0.19
2019-05-01,2.4,2.21,0.19
2019-06-01,2.07,1.81,0.26
2019-07-01,2.06,1.84,0.22
2019-08-01,1.63,1.57,0.06
2019-09-01,1.7,1.65,0.05
2019-10-01,1.71,1.55,0.16
2019-11-01,1.81,1.61,0.2
2019-12-01,1.86,1.61,0.25
2020-01-01,1.76,1.52,0.24
2020-02-01,1.5,1.33,0.17
2020-03-01,0.87,0.45,0.42
2020-04-01,0.66,0.22,0.44
2020-05-01,0.67,0.17,0.5
2020-06-01,0.73,0.19,0.54
2020-07-01,0.62,0.15,0.47
2020-08-01,0.65,0.14,0.51
2020-09-01,0.68,0.13,0.55
