변수,성격,전체_결측률%,2016+_결측률%,구분,스킴,AUC,N대비delta,나쁜seed,seed편차,판정
il_util,비율형,69.23,14.12,결측률,,,,,,
mths_since_rcnt_il,시점형,65.3,3.14,결측률,,,,,,
all_util,비율형,64.18,0.02,결측률,,,,,,
inq_fi,금액·개수형,64.18,0.01,결측률,,,,,,
inq_last_12m,금액·개수형,64.18,0.01,결측률,,,,,,
max_bal_bc,금액·개수형,64.18,0.01,결측률,,,,,,
open_acc_6m,금액·개수형,64.18,0.01,결측률,,,,,,
open_act_il,금액·개수형,64.18,0.01,결측률,,,,,,
open_il_12m,금액·개수형,64.18,0.01,결측률,,,,,,
open_il_24m,금액·개수형,64.18,0.01,결측률,,,,,,
open_rv_12m,금액·개수형,64.18,0.01,결측률,,,,,,
open_rv_24m,금액·개수형,64.18,0.01,결측률,,,,,,
total_bal_il,금액·개수형,64.18,0.01,결측률,,,,,,
total_cu_tl,금액·개수형,64.18,0.01,결측률,,,,,,
,,,,AUC,N_NaN유지,0.6808,0.0,0.0,0.00134,기준선 (seed 편차 0.00134)
,,,,AUC,Z_비율형까지0,0.68074,-6e-05,3.0,0.00134,차이 없음
,,,,AUC,D_NaN+더미,0.68089,9e-05,2.0,0.00134,차이 없음
,,,,AUC,Za_2016+전부0,0.68089,9e-05,2.0,0.00134,차이 없음
