spec,seed,reinvest,criterion,threshold,n_total,n_approved,approval_rate,sharpe,mean_xr,sd_xr,mean_xr_approved,sharpe_approve_all,delta_sharpe,k_at_optimum
main,0,treasury,pd,0.19602610170841217,144566,99653,0.6893252908706058,0.2805380510496566,0.019083718974301223,0.06802542080440442,0.027684634855336322,0.22039158723686122,0.0601464638127954,99653
main,0,treasury,E[XR],0.014285155089449504,144566,108517,0.7506398461602313,0.27437065097561303,0.021425303977729123,0.07808890601651168,0.028542721369411137,0.22039158723686122,0.053979063738751804,108517
main,0,treasury,q_score,0.18661339852396738,144566,97431,0.6739551485134817,0.285260929148213,0.019997413748837203,0.07010218261764826,0.029671727848573855,0.22039158723686122,0.06486934191135177,97431
main,0,cash,pd,0.1628231704235077,144708,85273,0.58927633579346,0.22125351669332632,0.013335149301464948,0.06027090326407257,0.022629704421286805,0.15450571853147615,0.06674779816185017,85273
main,0,cash,E[XR],0.012967888827706994,144708,90065,0.6223912983387235,0.21595267634096543,0.015604568412420283,0.07225920362194382,0.025071957872919715,0.15450571853147615,0.06144695780948928,90064
main,0,cash,q_score,0.2101102483983154,144708,70215,0.4852185089974293,0.2276147403848035,0.013179840350566283,0.057904160021775175,0.027162690841696868,0.15450571853147615,0.07310902185332735,70215
main_nozip,0,treasury,pd,0.16891349852085114,144565,87688,0.6065645211496559,0.28875642392494316,0.017395319821725288,0.060242191620435974,0.028678432739117285,0.22039088914714683,0.06836553477779633,87688
main_nozip,0,treasury,E[XR],0.014302515387719587,144565,108419,0.7499671428077336,0.2873443159439129,0.022040317147760675,0.07670350838628164,0.02938837702308656,0.22039088914714683,0.06695342679676608,108419
main_nozip,0,treasury,q_score,0.2569346193530965,144565,79735,0.5515512053401584,0.30265539457581464,0.01796163065260548,0.05934680489600903,0.032565662949694756,0.22039088914714683,0.08226450542866781,79735
main_nozip,0,cash,pd,0.16010156273841858,144707,83449,0.5766756273020656,0.23106109400723873,0.013491233669821278,0.05838816667855809,0.02339483937085918,0.15450562404602836,0.07655546996121038,83449
main_nozip,0,cash,E[XR],0.014548938519224192,144707,84669,0.5851064564948482,0.22994016775084733,0.015750438497764106,0.06849798646244327,0.026918927868475474,0.15450562404602836,0.07543454370481897,84669
main_nozip,0,cash,q_score,0.18230454682252034,144707,80488,0.5562135902202381,0.244667481782532,0.015055601088273177,0.061534949305856824,0.02706802090598284,0.15450562404602836,0.09016185773650365,80488
main,1,treasury,pd,0.17039573192596436,144575,89013,0.6156873595019886,0.27487983652462455,0.017022949011276777,0.06192869301183328,0.02764869011611046,0.22072048758865606,0.05415934893596849,89013
main,1,treasury,E[XR],0.014812259417730345,144575,106507,0.7366902991526889,0.27492310390804287,0.021126997848953825,0.07684693482881952,0.028678262593186357,0.22072048758865606,0.054202616319386804,106506
main,1,treasury,q_score,0.20121019528174436,144575,93255,0.6450285319038561,0.28978728819570443,0.019479962168225277,0.06722158963397852,0.030200155814392466,0.22072048758865606,0.06906680060704837,93255
main,1,cash,pd,0.1609056293964386,144705,84472,0.5837531529663799,0.21681700413235913,0.013005478187648228,0.05998366336481962,0.022279071421815948,0.15538535614857157,0.06143164798378756,84472
main,1,cash,E[XR],0.013600562770361924,144705,87512,0.6047614111468159,0.21594528991285236,0.015290631085132329,0.07080789347754977,0.02528374132889288,0.15538535614857157,0.06055993376428079,87512
main,1,cash,q_score,0.16086019448862676,144705,85511,0.5909332780484434,0.22941821644957183,0.01501988251906896,0.06546944157931328,0.025417222344749493,0.15538535614857157,0.07403286030100026,85511
main_nozip,1,treasury,pd,0.1539832502603531,144575,80523,0.55696351374719,0.28573843963508133,0.016001966677185318,0.05600214901995819,0.028730727026490162,0.22071923993453849,0.06501919970054285,80523
main_nozip,1,treasury,E[XR],0.015797498983863248,144575,103714,0.7173716064326474,0.28382092731022796,0.021211110869640254,0.07473413278810556,0.029567814894597057,0.22071923993453849,0.06310168737568947,103714
main_nozip,1,treasury,q_score,0.24132871780964604,144575,84042,0.5813038215459104,0.2995919474035463,0.018422428328070915,0.0614917339659414,0.03169156583054726,0.22071923993453849,0.07887270746900779,84041
main_nozip,1,cash,pd,0.1539832502603531,144705,80567,0.5567672160602606,0.22846751035364582,0.012956817236676504,0.05671185901493884,0.023271516107503984,0.15538359403512828,0.07308391631851754,80567
main_nozip,1,cash,E[XR],0.012124717987861815,144705,94723,0.6545938288241595,0.22659208892536353,0.01637539014013468,0.07226814589067453,0.025016108339349353,0.15538359403512828,0.07120849489023526,94723
main_nozip,1,cash,q_score,0.20058147529893652,144705,75551,0.522103590062541,0.24016791523541126,0.014188876486528198,0.059078984270694725,0.027176362615757076,0.15538359403512828,0.08478432120028298,75551
main,2,treasury,pd,0.1809123158454895,144537,93197,0.6447968340286571,0.2781162725202889,0.017859658799335043,0.06421651864344671,0.027698118006797313,0.22247234998716892,0.055643922533120005,93197
main,2,treasury,E[XR],0.017055857738831094,144537,97906,0.6773767270664259,0.2705935650710481,0.02006083947411808,0.07413642474774784,0.029615483781081905,0.22247234998716892,0.048121215083879176,97905
main,2,treasury,q_score,0.22976698611119103,144537,84903,0.5874136034371822,0.28611755876303663,0.018186548381027446,0.06356320269069604,0.030960380002456496,0.22247234998716892,0.06364520877586771,84903
main,2,cash,pd,0.16150623559951782,144667,84304,0.5827452010479238,0.22005044123093095,0.013114032701504413,0.05959557557871397,0.02250388793922636,0.15719783189061556,0.06285260934031539,84304
main,2,cash,E[XR],0.011730014800459314,144667,94818,0.6554224529436569,0.21620388021224957,0.01596763712193379,0.07385453538696754,0.024362359040675775,0.15719783189061556,0.059006048321634,94818
main,2,cash,q_score,0.17775533849233272,144667,79561,0.549959562305156,0.2281503064682174,0.014331699013403618,0.06281691765074778,0.02605955054828448,0.15719783189061556,0.07095247457760184,79561
main_nozip,2,treasury,pd,0.20615948736667633,144581,102802,0.7110339532857014,0.2836562459938014,0.019753545158180622,0.06963902765115773,0.02778143725331134,0.2225127295472868,0.06114351644651461,102802
main_nozip,2,treasury,E[XR],0.01557716076561845,144581,103575,0.7163804372635408,0.28323301085333086,0.0212127047804522,0.07489488854619289,0.029610949262491516,0.2225127295472868,0.060720281306044066,103575
main_nozip,2,treasury,q_score,0.25227941673284116,144581,80552,0.5571409797967921,0.29629684338390366,0.01779517777913832,0.060058614111108743,0.031940170305958845,0.2225127295472868,0.07378411383661687,80551
main_nozip,2,cash,pd,0.15206699073314667,144711,79104,0.546634326346995,0.22705808047456472,0.012693266157411969,0.05590316861165047,0.023220763032277044,0.1572314908963145,0.06982658957825022,79104
main_nozip,2,cash,E[XR],0.010717566679829996,144711,99178,0.685352184699159,0.22765208963850753,0.01684024582390257,0.07397360529679368,0.024571667238931665,0.1572314908963145,0.07042059874219303,99178
main_nozip,2,cash,q_score,0.1917402050314004,144711,77248,0.533808763673805,0.2404916405448729,0.014421600639216188,0.059967159800369436,0.027016417902102505,0.1572314908963145,0.08326014964855841,77248
main,3,treasury,pd,0.189153790473938,144564,97309,0.6731205556016713,0.27531237626901367,0.018414990121437866,0.06688762187520184,0.027357640422936653,0.2206958709208158,0.05461650534819787,97309
main,3,treasury,E[XR],0.01365171085352784,144564,110678,0.7655986275974654,0.27365567299300575,0.021545236318856124,0.0787311882966708,0.028141686181527646,0.2206958709208158,0.05295980207218995,110678
main,3,treasury,q_score,0.25487974811345065,144564,79440,0.5495144019257907,0.28958127487675184,0.017416443998581745,0.060143543487080654,0.03169424484152784,0.2206958709208158,0.06888540395593604,79440
main,3,cash,pd,0.18139024078845978,144713,94034,0.6497964937496977,0.21596222742993065,0.014224505963998055,0.0658657124131561,0.021890709015548106,0.15454580521821798,0.06141642221171267,94034
main,3,cash,E[XR],0.013416080389857275,144713,89029,0.6152107965421213,0.21816645564521886,0.015523229885554794,0.0711531469842047,0.025232375590294075,0.15454580521821798,0.06362065042700088,89029
main,3,cash,q_score,0.2342204771643498,144713,63469,0.43858533787565734,0.23566205193282924,0.012534512950922097,0.05318850806960674,0.028579416292470173,0.15454580521821798,0.08111624671461126,63469
main_nozip,3,treasury,pd,0.16093862056732178,144472,84109,0.5821820145080016,0.28344793368095283,0.01654500970498456,0.058370542660642954,0.028418963988378523,0.22062124486214282,0.06282668881881001,84109
main_nozip,3,treasury,E[XR],0.015681948136284755,144472,103973,0.7196757849271831,0.2849603424449783,0.02132892336479272,0.07484874274714058,0.029636850108762214,0.22062124486214282,0.06433909758283549,103973
main_nozip,3,treasury,q_score,0.23899873495207347,144472,84343,0.5838017055207929,0.303623684704269,0.018644545165056658,0.061406754822906244,0.03193643490373908,0.22062124486214282,0.08300243984212616,84343
main_nozip,3,cash,pd,0.16093862056732178,144621,84151,0.5818726187759731,0.22629324826791564,0.013369894839078435,0.059082164144997694,0.022977356912245398,0.15448821197993182,0.07180503628798382,84151
main_nozip,3,cash,E[XR],0.015701194017831342,144621,79187,0.547548419662428,0.22857030113129934,0.015127573149636623,0.06618345898291085,0.027627827250351674,0.15448821197993182,0.07408208915136752,79186
main_nozip,3,cash,q_score,0.1901105346999574,144621,78476,0.5426321211995492,0.2477892707546306,0.014845130850093702,0.059910305256082326,0.027357633781938437,0.15448821197993182,0.09330105877469877,78476
main,4,treasury,pd,0.1697775423526764,144514,88147,0.6099547448690092,0.27226345356920856,0.016878082806778296,0.06199173111744878,0.027671041087487476,0.21980356502857168,0.05245988854063688,88147
main,4,treasury,E[XR],0.014670776241446352,144514,107199,0.7417897227950233,0.2742851100658681,0.021245085260604642,0.07745621063971267,0.02864030682516646,0.21980356502857168,0.05448154503729641,107199
main,4,treasury,q_score,0.23837606170906533,144514,83807,0.579923052437826,0.28649351345004886,0.018007578702982405,0.06285510092752146,0.031051669057272056,0.21980356502857168,0.06668994842147719,83806
main,4,cash,pd,0.14941731095314026,144666,78152,0.5402236876667634,0.21663035107691755,0.01221550420131501,0.056388701493555,0.02261193738851773,0.15398764153914926,0.06264270953776829,78152
main,4,cash,E[XR],0.010445207638700816,144666,100434,0.69424743892829,0.21634432795483857,0.016428753711036147,0.07593799137855575,0.023664118569018015,0.15398764153914926,0.06235668641568931,100433
main,4,cash,q_score,0.16746023114797637,144666,83460,0.5769151009912488,0.23053521117973874,0.014860834670763563,0.06446232050503622,0.0257591362147218,0.15398764153914926,0.07654756964058948,83453
main_nozip,4,treasury,pd,0.15088702738285065,144526,78845,0.5455419786059256,0.2807348713988638,0.015592287023161896,0.055540969832050285,0.02858127813189798,0.21981246403652774,0.060922407362336034,78845
main_nozip,4,treasury,E[XR],0.01670307800058598,144526,100338,0.6942557048558737,0.28351233089050243,0.020889403329560522,0.0736807576021287,0.03008891851151173,0.21981246403652774,0.06369986685397469,100338
main_nozip,4,treasury,q_score,0.2237352524227672,144526,88517,0.6124641932939402,0.2962054723090322,0.01906778334165403,0.06437350124902082,0.031132894870317458,0.21981246403652774,0.07639300827250448,88517
main_nozip,4,cash,pd,0.15088702738285065,144678,78879,0.545203831957865,0.2262254925776051,0.012656604302610317,0.0559468526663662,0.023214444874973764,0.15399495846065062,0.07223053411695449,78879
main_nozip,4,cash,E[XR],0.011538408568476603,144678,96775,0.668899210660916,0.22543493389694563,0.016543948847372824,0.07338680195386374,0.02473309668137645,0.15399495846065062,0.07143997543629502,96775
main_nozip,4,cash,q_score,0.22629778924916075,144678,68433,0.4730021150416788,0.24078357761935978,0.013311078740772827,0.05528233641335444,0.028141689682719323,0.15399495846065062,0.08678861915870917,68433
main,5,treasury,pd,0.19780437648296356,144562,100975,0.6984892295347325,0.2761273517126295,0.019096616366685793,0.06915872784150133,0.027339886657101582,0.2187573903837465,0.057369961328882974,100975
main,5,treasury,E[XR],0.01652059167815914,144562,100953,0.6983370456966561,0.27441945452228017,0.020562606967843504,0.07493130180452322,0.02944510404332108,0.2187573903837465,0.05566206413853367,100953
main,5,treasury,q_score,0.2569979707577186,144562,78620,0.543849697707558,0.2856708738254357,0.017210016341293738,0.060244210797004955,0.03164480262439716,0.2187573903837465,0.06691348344168921,78620
main,5,cash,pd,0.16613616049289703,144702,87424,0.6041658028223521,0.2173520901757153,0.013485402979465799,0.06204404553254257,0.022320698914882184,0.1530320402277294,0.0643200499479859,87424
main,5,cash,E[XR],0.011853472905005805,144702,95321,0.6587400312366104,0.21750191790360984,0.016095346630331162,0.0740009411662265,0.02443353351414882,0.1530320402277294,0.06446987767588044,95321
main,5,cash,q_score,0.20938193828830404,144702,71047,0.4909883761109038,0.23065592898064038,0.013366559649327035,0.05795021055127182,0.02722378023529383,0.1530320402277294,0.07762388875291099,71047
main_nozip,5,treasury,pd,0.18882621824741364,144569,96996,0.6709322192171212,0.2823702294708297,0.018732193868231158,0.0663391247134508,0.02791965169013475,0.218762914878372,0.06360731459245769,96996
main_nozip,5,treasury,E[XR],0.015784659698285297,144569,104136,0.7203204006391412,0.2838890681386087,0.021323577317507704,0.0751123579971918,0.02960290628807301,0.218762914878372,0.06512615326023671,104136
main_nozip,5,treasury,q_score,0.2554654904541523,144569,80617,0.5576368377729666,0.29933379481644995,0.017941204952178852,0.05993711790271216,0.03217363656215866,0.218762914878372,0.08057087993807796,80617
main_nozip,5,cash,pd,0.15177902579307556,144709,79876,0.5519767257046901,0.22524223482186648,0.01277384527067696,0.05671158999458783,0.02314199979060534,0.15303627574761147,0.072205959074255,79876
main_nozip,5,cash,E[XR],0.010851989989876288,144709,100018,0.6911664098293817,0.22714826196116314,0.01694183322816465,0.07458491243509281,0.024511945295991506,0.15303627574761147,0.07411198621355167,100018
main_nozip,5,cash,q_score,0.20219820887115206,144709,75339,0.52062414915451,0.24266561435678477,0.014276582034470532,0.05883232394629884,0.02742205112393576,0.15303627574761147,0.0896293386091733,75339
main,6,treasury,pd,0.1921035200357437,144528,98583,0.6821031218864164,0.2746172961498132,0.018635103030297803,0.06785844625073216,0.027320067057838373,0.22254227942025626,0.05207501672955692,98583
main,6,treasury,E[XR],0.014398170865662571,144528,107981,0.7471285840805933,0.27442234987429176,0.021296225043604497,0.07760382874555084,0.028504096212315786,0.22254227942025626,0.051880070454035504,107981
main,6,treasury,q_score,0.22784931702533115,144528,86617,0.5993094763644415,0.2865954455759206,0.018445217190071802,0.06435977080167392,0.03077744957741203,0.22254227942025626,0.06405316615566434,86617
main,6,cash,pd,0.15676574409008026,144673,82881,0.5728850580274135,0.21422276500709866,0.012760251316399697,0.05956533758671373,0.022273667531732162,0.15633451943348084,0.057888245573617825,82881
main,6,cash,E[XR],0.010134392728197727,144673,101638,0.7025360640893601,0.2152067402449566,0.016470590624370816,0.07653380468295963,0.02344447704007949,0.15633451943348084,0.05887222081147575,101638
main,6,cash,q_score,0.1758374701622516,144673,81451,0.5630006981261189,0.22815386461176512,0.01454493155514247,0.0637505377342633,0.025834659892169855,0.15633451943348084,0.07181934517828428,81451
main_nozip,6,treasury,pd,0.1774866282939911,144565,91975,0.6362190018330854,0.2848416563465142,0.01798150795035056,0.06312808379569815,0.0282630790632501,0.22255431738875886,0.062287338957755345,91975
main_nozip,6,treasury,E[XR],0.015597262600759259,144565,104055,0.7197800297444056,0.28356318433957267,0.021299824538864354,0.07511491517658753,0.02959213045467229,0.22255431738875886,0.06100886695081381,104054
main_nozip,6,treasury,q_score,0.2365971658088029,144565,85367,0.5905094594127209,0.298701846308578,0.01868126634331471,0.06254151614450963,0.031635846040288296,0.22255431738875886,0.07614752891981913,85367
main_nozip,6,cash,pd,0.17112061381340027,144710,89129,0.6159145877962822,0.22452458859816196,0.01404169955549913,0.0625396961783219,0.022798127912085617,0.1563424093149922,0.06818217928316977,89129
main_nozip,6,cash,E[XR],0.01371531327559506,144710,88451,0.6112293552622486,0.22385711076699277,0.015778495086395814,0.0704846722641144,0.02581436076417834,0.1563424093149922,0.06751470145200059,88449
main_nozip,6,cash,q_score,0.22882684128719227,144710,68116,0.47070693110358647,0.23917494902250583,0.01325217636058286,0.05540787785154968,0.02815377357948126,0.1563424093149922,0.08283253970751364,68116
main,7,treasury,pd,0.19138292968273163,144540,97890,0.6772519717725197,0.2768536351606375,0.01864374218562963,0.06734151124588077,0.027528516656562536,0.2218713998030987,0.054982235357538795,97890
main,7,treasury,E[XR],0.015067709907896167,144540,106283,0.7353189428531894,0.2752380482082725,0.021202394974014098,0.07703293607853944,0.02883428365349113,0.2218713998030987,0.05336664840517383,106283
main,7,treasury,q_score,0.1872626604810444,144540,97211,0.6725543102255431,0.28383949247615775,0.019887469434422184,0.07006589978345004,0.02957005721627575,0.2218713998030987,0.061968092673059055,97211
main,7,cash,pd,0.19138292968273163,144693,97955,0.6769850649305772,0.21599430937093173,0.014827897441672455,0.0686494819463536,0.021902842780132842,0.1551060541360449,0.060888255234886834,97955
main,7,cash,E[XR],0.010530933766744579,144693,100416,0.6939934896643237,0.21467345433153698,0.016397161679422255,0.07638187837653815,0.023627255764824773,0.1551060541360449,0.05956740019549209,100416
main,7,cash,q_score,0.18604962383516602,144693,78266,0.5409107558762345,0.22407169972387533,0.013985850818107692,0.0624168551198301,0.0258561152023159,0.1551060541360449,0.06896564558783044,78266
main_nozip,7,treasury,pd,0.15630187094211578,144533,81218,0.5619339527997066,0.28474899027077843,0.01614606584973447,0.0567028028242618,0.02873303129182782,0.22186492868822225,0.06288406158255619,81218
main_nozip,7,treasury,E[XR],0.014991638794679428,144533,106508,0.736911293614607,0.28547870704053846,0.02174357939293811,0.07616532811976247,0.02950637285837237,0.22186492868822225,0.06361377835231621,106508
main_nozip,7,treasury,q_score,0.23932234382468437,144533,84526,0.5848214594590855,0.29586461788203167,0.0184758112261679,0.062446842608050376,0.03159222516091765,0.22186492868822225,0.07399968919380942,84526
main_nozip,7,cash,pd,0.15600337088108063,144686,81112,0.5606071078058693,0.22688396347494671,0.013043720732941643,0.05749071257908824,0.023267134061130224,0.15510107302911316,0.07178289044583355,81112
main_nozip,7,cash,E[XR],0.012929303839067537,144686,91971,0.6356592897723345,0.22492902248972213,0.016181770041749123,0.07194167236685738,0.025456671997265586,0.15510107302911316,0.06982794946060897,91970
main_nozip,7,cash,q_score,0.1786526496400751,144686,81967,0.5665164563261131,0.2372608965708779,0.014953449482922631,0.06302534340485776,0.026395437089147388,0.15510107302911316,0.08215982354176474,81967
main,8,treasury,pd,0.17871502041816711,144533,92732,0.641597420658258,0.27957817052893014,0.017860077892945057,0.06388223321999563,0.027836891667396668,0.2223255450642029,0.05725262546472723,92732
main,8,treasury,E[XR],0.015525673599362126,144533,103842,0.7184656791182636,0.27305274312053474,0.020785981917589454,0.07612442079882946,0.028931071478736508,0.2223255450642029,0.05072719805633183,103842
main,8,treasury,q_score,0.21267672841855953,144533,90321,0.6249161091238679,0.28785234548352856,0.019006680626159195,0.06602927134127069,0.03041477143677181,0.2223255450642029,0.06552680041932565,90321
main,8,cash,pd,0.17871502041816711,144689,92797,0.641354906039851,0.21841020502046277,0.014248437084503225,0.06523704825592014,0.02221615045011894,0.15477919355873157,0.0636310114617312,92797
main,8,cash,E[XR],0.013061977431872485,144689,90057,0.6224177373539108,0.21538037210462074,0.015524955998915964,0.07208157292705926,0.02494298453787214,0.15477919355873157,0.06060117854588917,90057
main,8,cash,q_score,0.17767105030807717,144689,80282,0.5548590424980475,0.22879764709658035,0.014406430541473714,0.06296581597007953,0.02596412681068347,0.15477919355873157,0.07401845353784878,80282
main_nozip,8,treasury,pd,0.18498773872852325,144554,94966,0.6569586452121698,0.28933422473726406,0.018672126636756103,0.06453480107205184,0.028422073098262973,0.22234342379946462,0.06699080093779944,94966
main_nozip,8,treasury,E[XR],0.015286308224179618,144554,105287,0.7283575687978195,0.28386662927460876,0.021453193635466886,0.07557490533593259,0.029454205673837032,0.22234342379946462,0.061523205475144144,105287
main_nozip,8,treasury,q_score,0.24456612438373404,144554,83275,0.5760822945058593,0.30069281894453087,0.018396029074686786,0.0611788107852805,0.03193298813404111,0.22234342379946462,0.07834939514506625,83275
main_nozip,8,cash,pd,0.16761651635169983,144710,87224,0.6027503282426923,0.22829585595704807,0.013938519875370448,0.061054633764352835,0.023124864844135302,0.15479322878168958,0.07350262717535849,87224
main_nozip,8,cash,E[XR],0.012309476929199904,144710,93995,0.6495404602308065,0.22510240499297307,0.016325679282601015,0.07252556578907682,0.025134199148733372,0.15479322878168958,0.07030917621128349,93995
main_nozip,8,cash,q_score,0.213924369544948,144710,71928,0.4970492709557045,0.24341750231753423,0.013879596106838959,0.05701971294048712,0.027923984437502304,0.15479322878168958,0.08862427353584465,71928
main,9,treasury,pd,0.1840514987707138,144554,94868,0.6562806978706919,0.2773297170055042,0.01809197337364476,0.06523633157312195,0.02756743179000131,0.22271636829818342,0.054613348707320764,94868
main,9,treasury,E[XR],0.015253858306392417,144554,104511,0.7229893327061168,0.27550011321239704,0.020976978044655398,0.07614144981671218,0.02901422897366896,0.22271636829818342,0.052783744914213615,104510
main,9,treasury,q_score,0.2618776267312912,144554,76419,0.5286536519224649,0.2828771331383646,0.01672778953648856,0.05913447068307828,0.03164224719843975,0.22271636829818342,0.06016076484018118,76419
main,9,cash,pd,0.1840514987707138,144708,94927,0.6559899936423694,0.21614126282819396,0.014398063455819081,0.06661413590081643,0.021948602258205437,0.15528198030388782,0.06085928252430614,94927
main,9,cash,E[XR],0.010980351098943932,144708,97760,0.6755673494209028,0.2169314507152269,0.016206797405446366,0.07470930264843748,0.023989906290377793,0.15528198030388782,0.061649470411339086,97760
main,9,cash,q_score,0.2104237394516908,144708,69527,0.480464107029328,0.2255885675252543,0.012990959341023655,0.057586957901047245,0.02703835552117668,0.15528198030388782,0.07030658722136648,69527
main_nozip,9,treasury,pd,0.17745965719223022,144526,91494,0.6330625631374286,0.28396257553618615,0.017869458894240395,0.06292892244865121,0.028227003040078993,0.22269408095783597,0.06126849457835018,91494
main_nozip,9,treasury,E[XR],0.015099706452795004,144526,105050,0.7268588350884961,0.29055421331966047,0.021749905623551745,0.07485661754840382,0.02992314954925692,0.22269408095783597,0.0678601323618245,105050
main_nozip,9,treasury,q_score,0.23524743939934825,144526,84793,0.5866972032713837,0.29713791358684055,0.01854248188181336,0.06240362146313549,0.03160485814219284,0.22269408095783597,0.07444383262900459,84793
main_nozip,9,cash,pd,0.16333995759487152,144680,85218,0.589010229471938,0.22387219146680004,0.013484506917372834,0.060233059001295344,0.022893502086478227,0.15526557086090106,0.06860662060589898,85218
main_nozip,9,cash,E[XR],0.011913241827837083,144680,94795,0.6552045894387614,0.23084199049550075,0.016613495363498265,0.07196912194282024,0.02535619504394672,0.15526557086090106,0.07557641963459968,94795
main_nozip,9,cash,q_score,0.18153588597595144,144680,80248,0.5546585568150401,0.23829524794431386,0.014738798294539694,0.06185099544232055,0.026572741217899546,0.15526557086090106,0.0830296770834128,80248
main,10,treasury,pd,0.17178355157375336,144557,89382,0.618316650179514,0.27518794393400425,0.017097028049989024,0.062128550421130926,0.02765092618001682,0.22211185885745147,0.05307608507655279,89382
main,10,treasury,E[XR],0.014762318401455057,144557,106912,0.7395836936295026,0.2771514832691072,0.02132254146605909,0.07693461068495967,0.02883046455691694,0.22211185885745147,0.055039624411655746,106912
main,10,treasury,q_score,0.21346996271739865,144557,89848,0.6215402920647218,0.2891963478577872,0.01898696603469528,0.06565423863522914,0.030548246472681034,0.22211185885745147,0.06708448900033573,89848
main,10,cash,pd,0.15850841999053955,144696,82955,0.5733054127273732,0.21847230689223482,0.012861329959009541,0.05886938322735565,0.02243364474412446,0.15554533484501673,0.06292697204721809,82955
main,10,cash,E[XR],0.012095009603179416,144696,93856,0.6486426715320396,0.22190415434841,0.01613145361345627,0.07269559085460946,0.024869553486752773,0.15554533484501673,0.06635881950339326,93856
main,10,cash,q_score,0.14675837756887403,144696,89211,0.6165408857190248,0.23258069065779477,0.01556849081955175,0.06693801955575637,0.025251351824616474,0.15554533484501673,0.07703535581277804,89211
main_nozip,10,treasury,pd,0.19625045359134674,144572,99496,0.6882107185347094,0.28476783208420164,0.019243575608701373,0.06757636727383395,0.02796174934571415,0.22212536091205698,0.06264247117214466,99496
main_nozip,10,treasury,E[XR],0.015785655287941177,144572,103313,0.7146127880917467,0.28921460780414815,0.021498122834719347,0.07433276969635852,0.030083596589597104,0.22212536091205698,0.06708924689209117,103313
main_nozip,10,treasury,q_score,0.24697633204084232,144572,81901,0.5665066541238968,0.30246430831615484,0.018279058629657247,0.06043377062044123,0.03226627347903942,0.22212536091205698,0.08033894740409786,81896
main_nozip,10,cash,pd,0.13222728669643402,144711,68810,0.4754994437188603,0.22581645152946744,0.011178732982081305,0.0495036252069473,0.02350945543627333,0.15555615463439335,0.0702602968950741,68810
main_nozip,10,cash,E[XR],0.014051131717009484,144711,86166,0.5954350394925058,0.23123080594754608,0.015896735442037988,0.06874834595197381,0.02669768217803727,0.15555615463439335,0.07567465131315274,86166
main_nozip,10,cash,q_score,0.17266103128125018,144711,82749,0.5718224599373924,0.24474187864361643,0.015308602527308153,0.06254999190227528,0.026771600627551875,0.15555615463439335,0.08918572400922309,82749
main,11,treasury,pd,0.17995251715183258,144525,93529,0.647147552326587,0.27885111424755105,0.017904812854394152,0.06420922112039774,0.027667280498896763,0.22005275967956356,0.05879835456798749,93529
main,11,treasury,E[XR],0.012527243619685595,144525,113488,0.7852482269503546,0.2729763632423206,0.02183355271448269,0.07998330864674645,0.027804650765372647,0.22005275967956356,0.05292360356275705,113488
main,11,treasury,q_score,0.22399132553094267,144525,87217,0.6034734475004324,0.2894646917130679,0.01863424482839258,0.06437484557479502,0.030878317688334128,0.22005275967956356,0.06941193203350432,87217
main,11,cash,pd,0.17995251715183258,144672,93572,0.6467872152178722,0.22057061247608573,0.014352512360209516,0.06506992114268789,0.0221904700997759,0.15399979440195563,0.0665708180741301,93572
main,11,cash,E[XR],0.010443938773773469,144672,100541,0.6949582503870825,0.21647719508012303,0.01645462998596441,0.07601091643798391,0.023677148917649944,0.15399979440195563,0.0624774006781674,100540
main,11,cash,q_score,0.17464030617580412,144672,81082,0.56045399247954,0.23106340438569253,0.014601960577222703,0.06319460503077412,0.026053807757923618,0.15399979440195563,0.0770636099837369,81082
main_nozip,11,treasury,pd,0.1638416200876236,144518,85634,0.5925490250349438,0.2884256179849438,0.016977360103901173,0.05886217813283144,0.028651401633645397,0.22004364826155992,0.0683819697233839,85634
main_nozip,11,treasury,E[XR],0.018211285778016686,144518,94891,0.6566033296890352,0.2824404585849455,0.02026327100291008,0.07174351402924349,0.030860749689628722,0.22004364826155992,0.062396810323385565,94891
main_nozip,11,treasury,q_score,0.23902546540477423,144518,84780,0.5866397265392547,0.30150581483268135,0.018749535910374305,0.06218631611061897,0.03196090387704026,0.22004364826155992,0.08146216657112143,84777
main_nozip,11,cash,pd,0.16201914846897125,144665,84764,0.5859330176614937,0.23071794330488432,0.013636911192926869,0.059106417981977556,0.023273839810824943,0.1539906816340779,0.07672726167080643,84764
main_nozip,11,cash,E[XR],0.01294326841693069,144665,91749,0.6342169840666367,0.22826454143597893,0.016294397020102703,0.07138382912036347,0.02569214863282605,0.1539906816340779,0.07427385980190104,91748
main_nozip,11,cash,q_score,0.19266727072818945,144665,77952,0.5388449175681748,0.24259805006934962,0.014704089099327628,0.06061091214513086,0.02728816514719611,0.1539906816340779,0.08860736843527173,77952
main,12,treasury,pd,0.14808964729309082,144555,78195,0.5409359759261181,0.2687310400209859,0.014971460655505784,0.05571169096929484,0.027676954985058358,0.22207698718756397,0.046654052833421944,78195
main,12,treasury,E[XR],0.013027059111396355,144555,111853,0.7737746878350801,0.2711824665869388,0.021507929046288926,0.07931165062767978,0.027796113499738907,0.22207698718756397,0.04910547939937482,111853
main,12,treasury,q_score,0.22109305157524853,144555,88063,0.6092006502715229,0.2797408578194788,0.018330725099208526,0.06552752158584095,0.03008979897023822,0.22207698718756397,0.05766387063191486,88061
main,12,cash,pd,0.12660372257232666,144707,66487,0.4594594594594595,0.21219432882294928,0.010390692069102783,0.04896781231964611,0.022615035679811938,0.15532522316780448,0.0568691056551448,66487
main,12,cash,E[XR],0.009379324982892775,144707,104027,0.7188802200308209,0.2115171789351955,0.016435220769989475,0.07770158836611715,0.022862252030365838,0.15532522316780448,0.05619195576739103,104027
main,12,cash,q_score,0.17703049881429742,144707,80251,0.5545757979918041,0.22130304572323048,0.014095493408135627,0.06369317404587096,0.02541671212335151,0.15532522316780448,0.065977822555426,80251
main_nozip,12,treasury,pd,0.16234932839870453,144551,85234,0.5896465607294311,0.2779139029477267,0.01656422719936009,0.059602009916233586,0.02809178973056175,0.22207422282501818,0.05583968012270854,85234
main_nozip,12,treasury,E[XR],0.013465534275045949,144551,110804,0.7665391453535431,0.28020918465116784,0.02188247298954063,0.0780933466430987,0.028547104374490876,0.22207422282501818,0.05813496182614966,110804
main_nozip,12,treasury,q_score,0.2271459479712754,144551,87770,0.6071905417465117,0.29267076158055544,0.0188514492185733,0.06441179541395657,0.03104700736007735,0.22207422282501818,0.07059653875553726,87770
main_nozip,12,cash,pd,0.13816042244434357,144703,72620,0.5018555247645177,0.22004645446787355,0.011564955652074656,0.05255688250028635,0.023044392422502877,0.15532364217528663,0.06472281229258692,72620
main_nozip,12,cash,E[XR],0.01359106557341197,144703,89187,0.6163452036239746,0.2224582789922946,0.015778572620680817,0.07092823289000229,0.02560021969491491,0.15532364217528663,0.06713463681700796,89187
main_nozip,12,cash,q_score,0.18173488017737607,144703,81200,0.5611493887479873,0.23448795490812324,0.014773329467907003,0.06300250890795644,0.02632691002456338,0.15532364217528663,0.07916431273283661,81200
main,13,treasury,pd,0.18336308002471924,144553,95075,0.6577172386598688,0.27493206599594994,0.01808431929270703,0.06577741023837978,0.027495583557388157,0.22022840319209644,0.0547036628038535,95075
main,13,treasury,E[XR],0.014745961811318327,144553,106739,0.7384073661563578,0.2708417464830393,0.021025202272526602,0.07762910461751787,0.0284737168616957,0.22022840319209644,0.050613343290942886,106739
main,13,treasury,q_score,0.19484183004866662,144553,94815,0.6559185904132049,0.2815055844220633,0.01943725066461813,0.06904747806163376,0.029633632814665873,0.22022840319209644,0.061277181229966865,94815
main,13,cash,pd,0.16432222723960876,144687,86593,0.5984850055637342,0.21393611715012537,0.013252692617713703,0.061946962458946056,0.02214373375191,0.15436942235249373,0.05956669479763163,86593
main,13,cash,E[XR],0.010041720611891201,144687,101429,0.701023588850415,0.2127525171152032,0.016353630011518988,0.0768669167033064,0.02332821644181297,0.15436942235249373,0.058383094762709475,101429
main,13,cash,q_score,0.13740617289285187,144687,92282,0.6378043639027694,0.2206746339658296,0.015444188520559232,0.06998624283640029,0.0242146172002574,0.15436942235249373,0.06630521161333586,92281
main_nozip,13,treasury,pd,0.1728106588125229,144573,89745,0.6207590628955614,0.28589097417140735,0.01766251065203207,0.061780581577417414,0.02845308543647259,0.22024706706541147,0.06564390710599588,89745
main_nozip,13,treasury,E[XR],0.015622091426270593,144573,104469,0.7226038056898592,0.28101546390785415,0.021260840325513432,0.07565718992776475,0.029422541312546818,0.22024706706541147,0.060768396842442673,104469
main_nozip,13,treasury,q_score,0.23831164258875562,144573,84771,0.5863542985204706,0.2941451629870702,0.018456731610119452,0.0627470172301704,0.031477097817293645,0.22024706706541147,0.07389809592165875,84771
main_nozip,13,cash,pd,0.1728106588125229,144707,89798,0.6205504916831943,0.22515798783685573,0.014201120332402777,0.06307180335385255,0.022884713690071144,0.15438555797866993,0.0707724298581858,89798
main_nozip,13,cash,E[XR],0.012463674684147864,144707,93633,0.6470523195146054,0.22291989410962665,0.01620076910472193,0.07267529517466957,0.02503780392422539,0.15438555797866993,0.06853433613095672,93633
main_nozip,13,cash,q_score,0.19113674880175194,144707,78496,0.5424478428825144,0.23401990762370178,0.014399938337822398,0.061532963088687394,0.026546217349307805,0.15438555797866993,0.07963434964503185,78496
main,14,treasury,pd,0.17844092845916748,144558,92483,0.6397639701711424,0.27795990768512513,0.01774603100128855,0.06384385125566464,0.02773840326853876,0.22090639369967635,0.05705351398544878,92483
main,14,treasury,E[XR],0.014601252946421409,144558,107365,0.7427122677402842,0.2769828510163412,0.02135673199482505,0.07710488904446101,0.028755054847556645,0.22090639369967635,0.05607645731666483,107365
main,14,treasury,q_score,0.19079278533924182,144558,96249,0.6658157971194952,0.286770614342596,0.019833625976998327,0.06916198865932228,0.0297884581032834,0.22090639369967635,0.06586422064291964,96249
main,14,cash,pd,0.17795109748840332,144693,92316,0.6380128962700338,0.2188757946498037,0.014171032741302679,0.06474463183092091,0.02221120109663881,0.155384126917793,0.0634916677320107,92316
main,14,cash,E[XR],0.012109610158190294,144693,93754,0.6479511793936127,0.21751436891607936,0.015952631761419925,0.07334058821452752,0.024620113781333417,0.155384126917793,0.06213024199828637,93754
main,14,cash,q_score,0.15447678570288648,144693,87338,0.6036090204778393,0.22682993673434335,0.015151673733898112,0.066797504562397,0.0251018013645712,0.155384126917793,0.07144580981655035,87338
main_nozip,14,treasury,pd,0.21486186981201172,144568,106134,0.7341458690719938,0.28333908935562346,0.02033169273766166,0.07175745776519177,0.02769435012058596,0.22091401398950658,0.06242507536611688,106134
main_nozip,14,treasury,E[XR],0.0139281321649431,144568,109617,0.758238337668087,0.28371316991215423,0.02195686697203784,0.07739107415717936,0.02895773779991759,0.22091401398950658,0.06279915592264765,109617
main_nozip,14,treasury,q_score,0.2697477616702774,144568,76703,0.5305669304410381,0.2971134230007436,0.017232748178714546,0.05800057097615893,0.0324798761287095,0.22091401398950658,0.07619940901123703,76703
main_nozip,14,cash,pd,0.1658952385187149,144703,86171,0.5955025120419065,0.22659908664203404,0.013700984612685065,0.06046354738550588,0.023007433781775388,0.1553900239174109,0.07120906272462313,86171
main_nozip,14,cash,E[XR],0.011361035518442602,144703,97641,0.6747683185559387,0.22708011695461264,0.016745134505634442,0.07374108631882703,0.024816124357276346,0.1553900239174109,0.07169009303720172,97641
main_nozip,14,cash,q_score,0.21586803212578168,144703,71225,0.4922150888371354,0.240911584124537,0.013689909859746375,0.05682545282951541,0.027812861024006735,0.1553900239174109,0.08552156020712609,71225
main,15,treasury,pd,0.18555068969726562,144560,95950,0.663738240177089,0.2745698230744512,0.018191078670902885,0.06625301523382555,0.027407007114806887,0.2203233643467004,0.0542464587277508,95950
main,15,treasury,E[XR],0.016052907849125303,144560,102610,0.7098090758162701,0.27028106074811203,0.02057355811251356,0.0761191259778186,0.028984636592388268,0.2203233643467004,0.04995769640141162,102610
main,15,treasury,q_score,0.22293762774905265,144560,88060,0.6091588267847261,0.28499727099763256,0.018611984851523735,0.06530583533792626,0.03055358312668943,0.2203233643467004,0.06467390665093214,88059
main,15,cash,pd,0.1841149926185608,144705,95398,0.6592584914135655,0.21520286334119748,0.014407015968525344,0.0669462094734474,0.021853364281488707,0.15398556844949776,0.06121729489169972,95398
main,15,cash,E[XR],0.013253901879935671,144705,89339,0.6173870978888083,0.21486722866727906,0.015488666122609476,0.07208482288653305,0.025087447041854102,0.15398556844949776,0.0608816602177813,89339
main,15,cash,q_score,0.18630849437145208,144705,77844,0.5379496216440344,0.22894553001410672,0.01413899628554348,0.061757031398177564,0.026283123394218812,0.15398556844949776,0.07495996156460896,77844
main_nozip,15,treasury,pd,0.16371117532253265,144561,85573,0.591950802775299,0.28375357844322646,0.016847120374479916,0.05937236269200592,0.0284603387570284,0.2203247624330662,0.06342881601016026,85573
main_nozip,15,treasury,E[XR],0.01547002120543267,144561,105033,0.7265652561894287,0.2833570909697734,0.021405708244381694,0.0755432241738698,0.029461508188055777,0.2203247624330662,0.0630323285367072,105033
main_nozip,15,treasury,q_score,0.2321008622058125,144561,86258,0.5966892868754367,0.29640732612799126,0.018731884134681704,0.06319642763009183,0.031393029080128476,0.2203247624330662,0.07608256369492505,86258
main_nozip,15,cash,pd,0.1319211721420288,144706,68981,0.47669757992066675,0.2282285493610086,0.011299933255770504,0.049511479994110784,0.023704616368413426,0.15398714873922753,0.07424140062178106,68981
main_nozip,15,cash,E[XR],0.01067021649148206,144706,100249,0.6927770790430252,0.22629986930955084,0.01690712723272766,0.07471116657874592,0.024404859433401718,0.15398714873922753,0.07231272057032331,100249
main_nozip,15,cash,q_score,0.21963016024085713,144706,70089,0.48435448426464695,0.24048283875442483,0.01357935680396352,0.05646705134672929,0.028035988609829577,0.15398714873922753,0.0864956900151973,70089
main,16,treasury,pd,0.17674469947814941,144555,91906,0.635785687108713,0.27706556150239814,0.01760142304270238,0.06352800740465962,0.027684522315603356,0.22296560438124918,0.054099957121148956,91906
main,16,treasury,E[XR],0.014773309714107244,144555,106537,0.7369997578776244,0.27922905727801517,0.021384134288169786,0.07658276862956012,0.029015117114489647,0.22296560438124918,0.056263452896765986,106537
main,16,treasury,q_score,0.19501920198487194,144555,94975,0.6570163605548062,0.28795220413549977,0.019680548504664473,0.06834658051587937,0.02995442683960803,0.22296560438124918,0.06498659975425058,94975
main,16,cash,pd,0.16087472438812256,144699,84608,0.5847172406167285,0.21870746702414964,0.013119853857719747,0.05998813865956488,0.022437945978609465,0.15701199413910194,0.0616954728850477,84608
main,16,cash,E[XR],0.009501041197424481,144699,103419,0.7147181390334418,0.2204696151051807,0.016859619189239297,0.07647139575758868,0.02358918609794851,0.15701199413910194,0.06345762096607876,103419
main,16,cash,q_score,0.1877883252021157,144699,76903,0.5314687731083145,0.2289580957615119,0.01401046983794502,0.06119228844629539,0.02636179310405064,0.15701199413910194,0.07194610162240997,76903
main_nozip,16,treasury,pd,0.1499403417110443,144567,78677,0.5442251689528039,0.28357297513929375,0.015593217922055733,0.05498837791012369,0.028652144023511714,0.2229754996069926,0.06059747553230116,78677
main_nozip,16,treasury,E[XR],0.015001545657363561,144567,105440,0.7293504050025248,0.2872136178585019,0.021640070587795802,0.07534486264662822,0.02967033464212705,0.2229754996069926,0.06423811825150932,105438
main_nozip,16,treasury,q_score,0.20825850588277173,144567,91892,0.635636071855956,0.2985148421061644,0.01967629433061,0.06591395654493548,0.030955282750329688,0.2229754996069926,0.07553934249917182,91892
main_nozip,16,cash,pd,0.1391589492559433,144711,73123,0.5053036742196516,0.22890606194688873,0.011886228552602825,0.05192622882725217,0.02352294107292791,0.15701988361757943,0.0718861783293093,73123
main_nozip,16,cash,E[XR],0.01136046713575406,144711,97060,0.6707161169503355,0.2299083456957013,0.016767352474779333,0.07293059512063112,0.024999179311537112,0.15701988361757943,0.07288846207812186,97060
main_nozip,16,cash,q_score,0.20960989342244865,144711,73065,0.5049028753861144,0.23964573277960446,0.013900435903800128,0.058004103568069725,0.027530910560115245,0.15701988361757943,0.08262584916202503,73065
main,17,treasury,pd,0.16796521842479706,144582,87682,0.6064517021482619,0.27571627626706974,0.016893387120875684,0.061270909899060894,0.02785611296173044,0.21813320056113067,0.05758307570593907,87682
main,17,treasury,E[XR],0.014786955829856244,144582,106685,0.7378857672462685,0.26964716814196626,0.021002462645250304,0.07788868242145167,0.028463027175100332,0.21813320056113067,0.051513967580835596,106685
main,17,treasury,q_score,0.22100838877417614,144582,87971,0.6084505678438533,0.2860524578908584,0.018653357091177446,0.06520956760417096,0.03065714468355046,0.21813320056113067,0.06791925732972776,87971
main,17,cash,pd,0.16796521842479706,144710,87719,0.6061709626148849,0.21931472208338604,0.013592590703969398,0.06197755706887953,0.022423691569345428,0.15304188311271222,0.06627283897067382,87719
main,17,cash,E[XR],0.01159470373382069,144710,95516,0.6600511367562711,0.21349986484543967,0.015921541866300862,0.07457401379540003,0.02412167933615727,0.15304188311271222,0.060457981732727456,95516
main,17,cash,q_score,0.16354421282152526,144710,84270,0.5823370879690415,0.22775113084084173,0.014837160669002277,0.06514637540649185,0.025478646260962613,0.15304188311271222,0.07470924772812951,84270
main_nozip,17,treasury,pd,0.16566826403141022,144559,86091,0.5955423045261796,0.28350707180809076,0.01695985272987228,0.05982162145627647,0.028477998289921206,0.21811255376100272,0.06539451804708804,86091
main_nozip,17,treasury,E[XR],0.015600450913433019,144559,104671,0.7240711405031856,0.2789389708192412,0.02121073458413358,0.07604077164920932,0.029293716318252106,0.21811255376100272,0.06082641705823846,104671
main_nozip,17,treasury,q_score,0.25264599552452716,144559,81403,0.5631126391300438,0.29639307631081047,0.018036901194034956,0.06085466441574568,0.032030716309085654,0.21811255376100272,0.07828052254980775,81403
main_nozip,17,cash,pd,0.16566826403141022,144687,86125,0.5952504371505387,0.22708969367113557,0.013734482357277925,0.06048043015626894,0.023073451945747125,0.15302471391662387,0.0740649797545117,86125
main_nozip,17,cash,E[XR],0.010520284622686761,144687,100799,0.6966693621403444,0.2234713919011658,0.016827631157900248,0.07530105314484109,0.024154401029207764,0.15302471391662387,0.07044667798454193,100799
main_nozip,17,cash,q_score,0.1920510889254581,144687,78197,0.5404562953133315,0.24142738934191282,0.014606211526346273,0.06049939721484301,0.02702570337880562,0.15302471391662387,0.08840267542528896,78197
main,18,treasury,pd,0.20582139492034912,144561,103395,0.7152343993193185,0.2742669207909541,0.01944470359036745,0.07089700622404552,0.027186477061048493,0.22034477540929734,0.053922145381656766,103395
main,18,treasury,E[XR],0.013902311830553408,144561,109396,0.7567462870345391,0.2722578312218518,0.021368640131484012,0.0784867786376834,0.028237522268158437,0.22034477540929734,0.05191305581255448,109395
main,18,treasury,q_score,0.1807682037248226,144561,98327,0.6801765344733365,0.28337087659604226,0.020027574779533226,0.07067619305167924,0.029444671735170427,0.22034477540929734,0.06302610118674493,98326
main,18,cash,pd,0.16047988831996918,144706,84010,0.5805564385720011,0.21559620097889604,0.012948439733463109,0.060058756484005174,0.02230349863195468,0.15457229427898,0.06102390669991603,84010
main,18,cash,E[XR],0.011362916319838587,144706,96859,0.6693502688209196,0.21621978775554332,0.016129188323921215,0.0745962637895227,0.02409678321685485,0.15457229427898,0.061647493476563314,96859
main,18,cash,q_score,0.2256660521197272,144706,65748,0.45435572816607467,0.225767796484474,0.012543156882929828,0.0555577769648443,0.02760646802794372,0.15457229427898,0.071195502205494,65748
main_nozip,18,treasury,pd,0.168335422873497,144548,87366,0.604408224257686,0.28329242475987093,0.017180123770379217,0.06064448699942395,0.02842470218117775,0.22033231811183004,0.06296010664804089,87366
main_nozip,18,treasury,E[XR],0.01353957423772889,144548,110351,0.7634211473005507,0.2836634844526169,0.022066562835679156,0.07779134095548106,0.028904835703996802,0.22033231811183004,0.06333116634078687,110351
main_nozip,18,treasury,q_score,0.22296436039559894,144548,88634,0.6131803968232006,0.29914939291262194,0.01921650984944279,0.06423716813309398,0.0313390805528043,0.22033231811183004,0.07881707480079189,88634
main_nozip,18,cash,pd,0.12593472003936768,144693,64972,0.4490334708659023,0.22801857489892513,0.0106945120262561,0.04690193345430917,0.023816736880734372,0.1545614783144643,0.07345709658446084,64972
main_nozip,18,cash,E[XR],0.013497499263188065,144693,88984,0.6149848299503086,0.2268107137500399,0.015958858390535714,0.07036201300493607,0.025950003338822535,0.1545614783144643,0.0722492354355756,88982
main_nozip,18,cash,q_score,0.23466507919927787,144693,65610,0.45344280649374885,0.24298851171574587,0.013010527401254916,0.05354379640986801,0.028692763927294276,0.1545614783144643,0.08842703340128158,65610
main,19,treasury,pd,0.17389382421970367,144546,90288,0.624631605163754,0.2744650462427277,0.017236668282565582,0.06280095960680682,0.027594934582355627,0.22118311448674643,0.05328193175598128,90288
main,19,treasury,E[XR],0.012985738705127887,144546,111813,0.7735461375617451,0.2730539543122944,0.021604109100059825,0.07912029384256618,0.027928662623999425,0.22118311448674643,0.051870839825547965,111813
main,19,treasury,q_score,0.17063753270012616,144546,101370,0.701299240380225,0.28013051806038436,0.02025241213917667,0.07229634343095172,0.028878417333229073,0.22118311448674643,0.058947403573637924,101370
main,19,cash,pd,0.17389382421970367,144702,90350,0.6243866705366892,0.21452476968688788,0.013730397619793971,0.06400378678803116,0.021990215787265385,0.1549213933253315,0.05960337636155638,90350
main,19,cash,E[XR],0.011333724660763156,144702,97010,0.6704122956144352,0.2134750260356006,0.01595270758419379,0.07472868316469329,0.023795368444985154,0.1549213933253315,0.05855363271026909,97010
main,19,cash,q_score,0.1644641772741602,144702,84820,0.5861701980622245,0.22210556765172254,0.01460923298874617,0.06577607730959434,0.02492319301977775,0.1549213933253315,0.06718417432639104,84820
main_nozip,19,treasury,pd,0.16029372811317444,144533,83580,0.5782762414119959,0.28025573030313977,0.016382089328056314,0.058454074463854144,0.028329175841732033,0.2211709719402051,0.05908475836293467,83580
main_nozip,19,treasury,E[XR],0.013535108297898939,144533,110199,0.7624487141344883,0.28000567952652516,0.02177556106213803,0.07776828348255545,0.028560033820579096,0.2211709719402051,0.05883470758632006,110198
main_nozip,19,treasury,q_score,0.19201679315046896,144533,96628,0.6685532023828469,0.28942684393110374,0.02001530980833659,0.06915498761790455,0.029938245358781233,0.2211709719402051,0.06825587199089864,96628
main_nozip,19,cash,pd,0.16029372811317444,144689,83631,0.578005238822578,0.22228383351149733,0.013190219378267823,0.0593395352685038,0.022820241915344708,0.15491165946795227,0.06737217404354506,83631
main_nozip,19,cash,E[XR],0.011937607686048922,144689,95616,0.6608380733849843,0.2226696322966534,0.016267543642838223,0.07305685770909559,0.024616535121094997,0.15491165946795227,0.06775797282870114,95616
main_nozip,19,cash,q_score,0.2574344689742378,144689,59709,0.41267131571854115,0.23269834745743467,0.01183288792895269,0.05085076047268176,0.028673880345546496,0.15491165946795227,0.0777866879894824,59709
main,20,treasury,pd,0.1766102910041809,144559,92057,0.6368126508899481,0.27759040528884105,0.01768143099251195,0.0636961172131312,0.027765514657728738,0.2225377311274505,0.055052674161390536,92057
main,20,treasury,E[XR],0.012150383607001883,144559,113716,0.7866407487600219,0.27287671497528654,0.02183682995118383,0.08002452665540077,0.027759596722652782,0.2225377311274505,0.05033898384783603,113716
main,20,treasury,q_score,0.22725011304301418,144559,86468,0.5981502362357238,0.2852037335682063,0.01836507472906693,0.06439282718813856,0.030703113727149775,0.2225377311274505,0.06266600244075576,86468
main,20,cash,pd,0.1766102910041809,144705,92107,0.6365156698109948,0.21915955771930656,0.014159041330918528,0.06460608644344275,0.02224460763883923,0.15619655881084793,0.06296299890845863,92107
main,20,cash,E[XR],0.012848465994711001,144705,90382,0.6245948654158461,0.2153025539569101,0.015527590623406879,0.0721198626678514,0.024860259799076058,0.15619655881084793,0.05910599514606216,90382
main,20,cash,q_score,0.1933334341818414,144705,75191,0.5196157700148578,0.22648587014616958,0.013737724779825418,0.06065599046403565,0.026438236813776078,0.15619655881084793,0.07028931133532165,75190
main_nozip,20,treasury,pd,0.15430696308612823,144562,80904,0.559649147078762,0.28750217407092854,0.016148173453630104,0.05616713510360426,0.028854101784876827,0.22253952458073542,0.06496264949019312,80904
main_nozip,20,treasury,E[XR],0.016624297803011716,144562,100514,0.6953002863823134,0.28537595283274275,0.020966305678247837,0.07346906938068787,0.030154317622011494,0.22253952458073542,0.06283642825200733,100514
main_nozip,20,treasury,q_score,0.26178042676795393,144562,78661,0.544133313042155,0.297995040103169,0.01755705226144356,0.058917263372474986,0.03226608597677126,0.22253952458073542,0.0754555155224336,78661
main_nozip,20,cash,pd,0.15430696308612823,144708,80938,0.5593194571136357,0.23183952260339638,0.013128941955121487,0.056629438361881786,0.02347306496876276,0.1561976292207956,0.07564189338260077,80938
main_nozip,20,cash,E[XR],0.011277931523217752,144708,97887,0.676444978853968,0.22887275714933203,0.016785123876831003,0.07333823424813897,0.024813731199939328,0.1561976292207956,0.07267512792853642,97887
main_nozip,20,cash,q_score,0.22827749596356983,144708,67159,0.4641001188600492,0.24422536773089756,0.013246116134637949,0.05423726559488004,0.028541505585419503,0.1561976292207956,0.08802773851010195,67159
main,21,treasury,pd,0.17630375921726227,144507,91647,0.6342045714048454,0.2798971526267867,0.017701979309210997,0.06324458517379537,0.027912096675681185,0.22665865431132826,0.05323849831545846,91647
main,21,treasury,E[XR],0.012453021722684858,144507,113234,0.7835883382811906,0.2765421897439652,0.021980338192272502,0.07948276612918052,0.028050874570806673,0.22665865431132826,0.04988353543263696,113234
main,21,treasury,q_score,0.2158859594537936,144507,89017,0.6160047610150373,0.2874569613268247,0.018792279196778963,0.06537423588576008,0.030506710964073577,0.22665865431132826,0.06079830701549643,89017
main,21,cash,pd,0.14639689028263092,144653,77105,0.5330342267357054,0.22109593292824742,0.012193355367658386,0.05514961404389657,0.02287537039099784,0.15880580032101418,0.062290132607233234,77105
main,21,cash,E[XR],0.013000001372024677,144653,89837,0.6210517583458345,0.21491852522772265,0.015478852162218018,0.0720219541140999,0.024923610559361098,0.15880580032101418,0.05611272490670846,89837
main,21,cash,q_score,0.1873593289774087,144653,77131,0.5332139672181012,0.22854960222548631,0.014025287346895588,0.06136649204517543,0.02630330075573359,0.15880580032101418,0.06974380190447213,77130
main_nozip,21,treasury,pd,0.1944546103477478,144563,98875,0.6839578592032539,0.2879658509474358,0.019259587838299258,0.06688149922963957,0.028159027020663013,0.2267099782570668,0.06125587269036903,98875
main_nozip,21,treasury,E[XR],0.015725265301674896,144563,103640,0.7169192670323665,0.28820675987772415,0.021441090241372827,0.07439482075460921,0.029907259055997483,0.2267099782570668,0.06149678162065736,103638
main_nozip,21,treasury,q_score,0.22823634355962427,144563,86796,0.6004025926412706,0.3009980192692468,0.0189361538508301,0.06291122412300948,0.03153909407274012,0.2267099782570668,0.07428804101218,86796
main_nozip,21,cash,pd,0.16094990074634552,144709,84208,0.5819126661092261,0.22771084557457782,0.01348698659348635,0.05922856489098523,0.023176994382443663,0.1588487770502143,0.06886206852436352,84208
main_nozip,21,cash,E[XR],0.010486421859139252,144709,100643,0.6954854224685403,0.22933610540500865,0.017100785514332306,0.07456647737225647,0.024588273113813317,0.1588487770502143,0.07048732835479435,100641
main_nozip,21,cash,q_score,0.17341585949418659,144709,83082,0.574131532938518,0.24225574371628683,0.01524787534286145,0.0629412335450012,0.02655815691714375,0.1588487770502143,0.08340696666607253,83079
main,22,treasury,pd,0.19981639087200165,144552,100920,0.6981570645857547,0.27601289439973137,0.019078345494954612,0.06912121093637041,0.02732672411798136,0.22310228832494874,0.05291060607478262,100920
main,22,treasury,E[XR],0.013267038268049699,144552,111042,0.7681803088162046,0.2750594322412608,0.02164206239921844,0.07868140431639054,0.02817315433738427,0.22310228832494874,0.05195714391631204,111038
main,22,treasury,q_score,0.1627748956886547,144552,102702,0.7104848082350987,0.282880774101528,0.020579330621607595,0.07274913145641408,0.028965194446209628,0.22310228832494874,0.059778485776579265,102702
main,22,cash,pd,0.15201830863952637,144690,79575,0.5499688990255028,0.21795216697699157,0.012396927986408936,0.05687912241641628,0.022541143705353553,0.15707709800554678,0.06087506897144479,79575
main,22,cash,E[XR],0.009836142964959983,144690,102002,0.7049692445918861,0.2164885188604335,0.016501547872417397,0.07622366284956422,0.023407472026627636,0.15707709800554678,0.05941142085488671,102000
main,22,cash,q_score,0.15666122956791528,144690,86275,0.5962747943880019,0.22441577732800527,0.014885297586639838,0.06632910468177991,0.024963821591549324,0.15707709800554678,0.06733867932245849,86274
main_nozip,22,treasury,pd,0.1812991350889206,144573,93039,0.643543400219958,0.2870145372470942,0.018250389713225366,0.06358698722468745,0.028359221315901195,0.22312030444390527,0.06389423280318893,93039
main_nozip,22,treasury,E[XR],0.014770776970385546,144573,106450,0.7363062259204692,0.28436446696313644,0.02159148997055494,0.07592893092846968,0.029324062747891396,0.22312030444390527,0.06124416251923118,106450
main_nozip,22,treasury,q_score,0.2448412326169673,144573,83009,0.5741666839589689,0.2949531509859157,0.01815558339263716,0.0615541259076489,0.03162075386793879,0.22312030444390527,0.07183284654201041,83008
main_nozip,22,cash,pd,0.1777254045009613,144711,91483,0.63217723600832,0.22895160001812506,0.014516236464272917,0.06340307935445802,0.02296228911362109,0.15709201291582345,0.07185958710230161,91483
main_nozip,22,cash,E[XR],0.012718343969281842,144711,91786,0.6342710643973161,0.22573795299262203,0.016102847677879794,0.07133425046341231,0.025387958842455958,0.15709201291582345,0.06864594007679858,91786
main_nozip,22,cash,q_score,0.16837856121017497,144711,84360,0.5829549930551237,0.2377492138196046,0.015165247227975501,0.06378673975123551,0.02601443920824517,0.15709201291582345,0.08065720090378115,84360
main,23,treasury,pd,0.17818912863731384,144549,92589,0.6405371189008572,0.27984152090250414,0.017830836244110707,0.06371762198333,0.027837319209084863,0.2224273291464656,0.05741419175603854,92589
main,23,treasury,E[XR],0.014802067859924068,144549,106375,0.7359096223425966,0.2769991010380754,0.02124054383510135,0.07668091252099524,0.028862978809119293,0.2224273291464656,0.054571771891609805,106374
main,23,treasury,q_score,0.24093150146170436,144549,82625,0.571605476343662,0.28786553847911045,0.017826494091830153,0.061926461173557365,0.031186709766777083,0.2224273291464656,0.06543820933264485,82625
main,23,cash,pd,0.1633385717868805,144697,85779,0.5928180957449014,0.21920276117988324,0.013347872769044875,0.06089281310687795,0.022515967148864946,0.15515495261553033,0.06404780856435291,85779
main,23,cash,E[XR],0.011572985413017664,144697,95816,0.6621837356683276,0.21682075867828873,0.016069960808445145,0.07411633879706754,0.02426812973928767,0.15515495261553033,0.0616658060627584,95816
main,23,cash,q_score,0.1755648984331772,144697,81096,0.5604539140410651,0.22783167576336277,0.014470604476206255,0.06351445393941067,0.025819436912962616,0.15515495261553033,0.07267672314783244,81096
main_nozip,23,treasury,pd,0.17199106514453888,144563,89225,0.6172049556248833,0.28813046015976995,0.01765473988364913,0.06127342410749916,0.028604339162790354,0.22243860014706984,0.06569186001270011,89225
main_nozip,23,treasury,E[XR],0.014416491614444252,144563,107923,0.7465464883822278,0.28760887002811353,0.021930358500962963,0.07625063336476083,0.029375743965370762,0.22243860014706984,0.06517026988104369,107923
main_nozip,23,treasury,q_score,0.22238342405185976,144563,88279,0.6106610958544025,0.3023549478302176,0.019278004975184265,0.06375951547522775,0.031569073428873946,0.22243860014706984,0.07991634768314776,88279
main_nozip,23,cash,pd,0.17199106514453888,144711,89279,0.6169468803339069,0.2268455528208189,0.014203239783030962,0.06261193841543211,0.023021819601946634,0.15516333656998163,0.07168221625083726,89279
main_nozip,23,cash,E[XR],0.012378192056251038,144711,93553,0.6464816081707679,0.22942630936395725,0.016519353189504492,0.0720028720128324,0.025552704022387143,0.15516333656998163,0.07426297279397562,93553
main_nozip,23,cash,q_score,0.16612190955047035,144711,85031,0.587591820939666,0.24334567679431726,0.015554170803430788,0.06391800753696103,0.026471047160862186,0.15516333656998163,0.08818234022433563,85031
main,24,treasury,pd,0.18772810697555542,144582,96261,0.6657882723990538,0.2784266452845603,0.018430356852390316,0.06619465904045736,0.027682008855427404,0.22081279059977413,0.057613854684786164,96261
main,24,treasury,E[XR],0.015280387038019282,144582,104804,0.7248758489991839,0.2732307849834334,0.020924969077722077,0.07658349727684588,0.02886696957363472,0.22081279059977413,0.05241799438365927,104804
main,24,treasury,q_score,0.21523504118884476,144582,89306,0.6176840823892324,0.2824463965979609,0.01867726976003978,0.06612677656717719,0.03023757660679094,0.22081279059977413,0.06163360599818676,89306
main,24,cash,pd,0.18772810697555542,144712,96308,0.6655149538393499,0.21951330045495404,0.014744442700240572,0.06716878963453345,0.022154938240200334,0.15576134418714846,0.06375195626780558,96308
main,24,cash,E[XR],0.010920299755015184,144712,98041,0.6774904638177898,0.21793118372344308,0.016295824597852004,0.07477509330897646,0.024053216197349674,0.15576134418714846,0.062169839536294624,98041
main,24,cash,q_score,0.15200826127018333,144712,87840,0.6069987285090387,0.22581808089580888,0.01514586034201999,0.0670710701372207,0.024952046241056427,0.15576134418714846,0.07005673670866042,87840
main_nozip,24,treasury,pd,0.17691481113433838,144582,91226,0.6309637437578675,0.2871193407284712,0.017975733911712675,0.06260718579983274,0.028489329362497994,0.22081278988334102,0.06630655084513015,91226
main_nozip,24,treasury,E[XR],0.01569538579801555,144582,103980,0.7191766609951447,0.2852635615529434,0.021414031570140334,0.07506753212213835,0.02977575988145826,0.22081278988334102,0.06445077166960239,103979
main_nozip,24,treasury,q_score,0.2183272918084451,144582,89196,0.6169232684566544,0.29841978494806237,0.01929433119119337,0.06465499998449975,0.031275090724753575,0.22081278988334102,0.07760699506472135,89196
main_nozip,24,cash,pd,0.17691481113433838,144712,91265,0.6306664271103986,0.2295763290785126,0.014537548712097623,0.06332337820040185,0.023051090223251754,0.155761343492584,0.07381498558592861,91265
main_nozip,24,cash,E[XR],0.012659877353486297,144712,92430,0.6387168997733429,0.22793130369995127,0.01629569085118515,0.07149386936619234,0.025513166877168727,0.155761343492584,0.07216996020736727,92430
main_nozip,24,cash,q_score,0.1915869686710765,144712,77983,0.5388841284758693,0.240919660023944,0.014542538208756676,0.060362604726023325,0.026986391768277652,0.155761343492584,0.08515831653136,77978
