term,q,size,mean,std,min,max,range
36.0,1,37363,6.793127425527929,1.433404386794888,5.32,21.0,15.68
36.0,2,37362,8.51000347947112,1.9835265077405753,5.32,23.43,18.11
36.0,3,37362,9.723545045768429,2.2471145335398184,5.32,24.99,19.669999999999998
36.0,4,37362,10.720891815213319,2.416260523803643,5.32,24.99,19.669999999999998
36.0,5,37363,11.633775392768246,2.544808548759484,5.32,29.99,24.669999999999998
36.0,6,37362,12.468537551522937,2.647806476775622,5.32,28.69,23.37
36.0,7,37362,13.298395428510252,2.7418412143031063,5.32,30.74,25.419999999999998
36.0,8,37362,14.226103795300036,2.876116189084552,5.32,30.89,25.57
36.0,9,37362,15.271198811626787,3.067373813187181,5.32,30.99,25.669999999999998
36.0,10,37363,17.467410539838877,3.752922145274576,6.0,30.99,24.99
60.0,1,6052,11.507009253139458,2.6611761399377962,5.79,25.89,20.1
60.0,2,6051,13.537950751941828,2.786899174082159,6.0,25.57,19.57
60.0,3,6051,14.680808130887455,2.8914165577538085,6.0,25.89,19.89
60.0,4,6052,15.601921678783873,2.991111184240583,6.0,26.06,20.06
60.0,5,6051,16.32283754751281,3.0475300872909656,6.0,26.06,20.06
60.0,6,6051,17.150228061477442,3.0817259381549102,6.0,26.06,20.06
60.0,7,6052,17.850160277594185,3.1800497846276636,6.0,26.06,20.06
60.0,8,6051,18.700905635432157,3.2415016476557605,6.0,26.06,20.06
60.0,9,6051,19.649224921500576,3.216064168824531,6.0,26.06,20.06
60.0,10,6052,21.294322538003964,3.1328983299064492,6.0,26.06,20.06
