term,q,n,mu,var,var_raw,shrunk,mu_unreliable,pooled_var
36.0,1,1115,-0.16952032024802993,0.018667111586894578,0.018667111586894578,False,False,0.019488470358301403
36.0,2,2165,-0.16466719512681902,0.019274567827790193,0.019274567827790193,False,False,0.019488470358301403
36.0,3,2889,-0.1636299709470281,0.019917271761481052,0.019917271761481052,False,False,0.019488470358301403
36.0,4,3604,-0.16201771054872363,0.01897555719229915,0.01897555719229915,False,False,0.019488470358301403
36.0,5,4445,-0.17107758522403316,0.019848260517715807,0.019848260517715807,False,False,0.019488470358301403
36.0,6,5225,-0.17120812308707828,0.02026053825036586,0.02026053825036586,False,False,0.019488470358301403
36.0,7,6113,-0.17368116159905955,0.02103354557724268,0.02103354557724268,False,False,0.019488470358301403
36.0,8,7487,-0.17323405262166922,0.020944345628079723,0.020944345628079723,False,False,0.019488470358301403
36.0,9,8906,-0.17718739249651386,0.020816926754986278,0.020816926754986278,False,False,0.019488470358301403
36.0,10,12138,-0.18629355060144054,0.022860600251181046,0.022860600251181046,False,False,0.019488470358301403
60.0,1,574,-0.11157824517941069,0.011089019520371484,0.011089019520371484,False,False,0.019488470358301403
60.0,2,907,-0.10670783104216187,0.010542091358034179,0.010542091358034179,False,False,0.019488470358301403
60.0,3,1097,-0.10385919221164747,0.01025187594602265,0.01025187594602265,False,False,0.019488470358301403
60.0,4,1315,-0.10432472399810458,0.010406487354274614,0.010406487354274614,False,False,0.019488470358301403
60.0,5,1418,-0.10261966115140683,0.010511045915296368,0.010511045915296368,False,False,0.019488470358301403
60.0,6,1677,-0.10728557793922086,0.01103685023363152,0.01103685023363152,False,False,0.019488470358301403
60.0,7,1800,-0.10426757902629527,0.010632589392093428,0.010632589392093428,False,False,0.019488470358301403
60.0,8,2020,-0.10631055960641667,0.011515159463029225,0.011515159463029225,False,False,0.019488470358301403
60.0,9,2298,-0.10951319618831334,0.01136014266336655,0.01136014266336655,False,False,0.019488470358301403
60.0,10,2756,-0.11542730694350652,0.011425588537387668,0.011425588537387668,False,False,0.019488470358301403
