term,quantile,train_pct,validation_pct,diff_pp
36,1,10.0,9.772,-0.228
36,2,10.0,9.969,-0.031
36,3,10.0,9.953,-0.047
36,4,10.0,10.004,0.004
36,5,10.0,10.028,0.028
36,6,10.0,10.11,0.11
36,7,10.0,10.025,0.025
36,8,10.0,10.164,0.164
36,9,10.0,10.117,0.117
36,10,10.0,9.859,-0.141
60,1,10.001,9.831,-0.17
60,2,9.999,9.946,-0.054
60,3,9.999,9.926,-0.074
60,4,10.001,10.155,0.154
60,5,9.999,10.345,0.346
60,6,9.999,10.445,0.446
60,7,10.001,9.861,-0.14
60,8,9.999,10.085,0.086
60,9,9.999,9.926,-0.074
60,10,10.001,9.481,-0.52
