term,q,pd,pd_raw,xr_normal,E_XR,q_score,int_rate
36.0,1,0.029189323114626912,0.0268837173138215,0.02987112135622145,0.02409389645855151,0.6178861197091531,6.781633335115769
36.0,2,0.057940563738279056,0.051335557226128876,0.03894752421559975,0.026743668365589023,0.44868912249328174,8.52680124057537
36.0,3,0.07923247189965726,0.07209771022549208,0.045274077206173866,0.02833854817113786,0.40196009423797263,9.753788770053477
36.0,4,0.09971739940026754,0.0922492524527145,0.05018205934614615,0.02832153934886672,0.3529794642380612,10.717288842544317
36.0,5,0.12198347163708415,0.1133102842922689,0.054665798074413664,0.02751920447391169,0.309043996686708,11.597473397144539
36.0,6,0.1405144674266724,0.1367100647233307,0.05892829379019382,0.026626573646505003,0.27260626480394756,12.439411229946524
36.0,7,0.16835845355460438,0.16413503273939475,0.06318625169743278,0.024117762512134884,0.22553126061327367,13.279458570626453
36.0,8,0.20183841264282165,0.1982772044263955,0.0679292393272352,0.018785699672500274,0.15667252911258112,14.215618566348493
36.0,9,0.24908453760066138,0.24677175379450292,0.07349203214808675,0.010695008089510929,0.07852645960205328,15.323707120130477
36.0,10,0.33520966966128046,0.3551032231931734,0.08449672850986607,-0.0076894244283266504,-0.04880036613466424,17.512860618700035
60.0,1,0.08365064529778993,0.07675287612702567,0.04952600310859282,0.036462374876924844,0.7167272659958404,11.391227340761683
60.0,2,0.13105254079311351,0.12408118397146141,0.05982349263719392,0.0385215914829108,0.5788644263102513,13.531742890404123
60.0,3,0.16307282153214522,0.15899599119971294,0.06530310096512884,0.03702082509887326,0.4840611578803967,14.67851131071191
60.0,4,0.19387038801034964,0.19125370983621076,0.06951849121489884,0.0353696037096186,0.4251042300468887,15.570944619990021
60.0,5,0.22679487068764198,0.22300996786790217,0.07318873509500957,0.033052590992555454,0.36263035780638714,16.341485362608115
60.0,6,0.2591852537204827,0.256468076411924,0.07679350669023338,0.03165755671224133,0.3355863938005635,17.102930317645104
60.0,7,0.2856413859922756,0.2934624987517447,0.08009046766410208,0.02703610939916621,0.2638085784328471,17.798965402528278
60.0,8,0.32283815204161853,0.336821450615968,0.08429377671552128,0.02198910906785913,0.19756472084760965,18.695589555962083
60.0,9,0.36590296782046194,0.3928540152257788,0.08877086820951999,0.015304775642692376,0.12836398232902957,19.658458083832333
60.0,10,0.4492477433666297,0.5023868703394112,0.09664162708243118,5.5252727786851e-05,-0.0003299818623758298,21.359575918842506
