scheme,reinvest,assumptions,variant,n_total,n_approved,approval_rate,mean_xr,sd_xr,sharpe,threshold,sharpe_approve_all,delta_sharpe
8_2,treasury,provisional_treasury_issue_fixed_fee0pct_cashflow,all_treasury,480997,0,0.0,0.0,0.0,,,0.11745779770543667,
8_2,treasury,provisional_treasury_issue_fixed_fee0pct_cashflow,approve_all,480997,480997,1.0,0.011484013856883,0.09777140454891542,0.11745779770543667,,0.11745779770543667,0.0
8_2,treasury,provisional_treasury_issue_fixed_fee0pct_cashflow,model_tau,480997,218593,0.4544581359135296,0.010518989865755939,0.05087731713772647,0.20675205489459447,,0.11745779770543667,0.0892942571891578
8_2,treasury,provisional_treasury_issue_fixed_fee0pct_cashflow,oracle_status,480997,403115,0.838082150200521,0.03772821776032669,0.026394219440331802,1.4294121425177442,,0.11745779770543667,1.3119543448123074
8_2,treasury,provisional_treasury_issue_fixed_fee0pct_cashflow,oracle_xr_pos,480997,408040,0.848321299301243,0.0382919928536658,0.026052643351616,1.4697930009203488,,0.11745779770543667,1.352335203214912
8_2,treasury,provisional_treasury_issue_fixed_fee0pct_cashflow,oracle_tau_current,480997,241226,0.5015124834458426,0.01133606705371212,0.054468057988508525,0.20812320968229736,0.16325474653378272,0.11745779770543667,0.09066541197686069
8_2,cash,provisional_cash_issue_fixed_fee0pct_cashflow,all_treasury,481833,0,0.0,0.0,0.0,,,0.15741226509262587,
8_2,cash,provisional_cash_issue_fixed_fee0pct_cashflow,approve_all,481833,481833,1.0,0.015988995643289986,0.10157401415881666,0.15741226509262587,,0.15741226509262587,0.0
8_2,cash,provisional_cash_issue_fixed_fee0pct_cashflow,model_tau,481833,258578,0.5366548160877317,0.014672900917263853,0.05987359342436704,0.24506464499701358,,0.15741226509262587,0.0876523799043877
8_2,cash,provisional_cash_issue_fixed_fee0pct_cashflow,oracle_status,481833,403770,0.8379874354807578,0.04335030122685546,0.027016155827386177,1.6046065733336357,,0.15741226509262587,1.4471943082410097
8_2,cash,provisional_cash_issue_fixed_fee0pct_cashflow,oracle_xr_pos,481833,411248,0.8535073355291148,0.04379947657459467,0.02662064944897343,1.6453196101987595,,0.15741226509262587,1.4879073451061335
8_2,cash,provisional_cash_issue_fixed_fee0pct_cashflow,oracle_tau_current,481833,241303,0.500802145141574,0.014017300316349948,0.057042215394733475,0.24573555250825133,0.20736640957948702,0.15741226509262587,0.08832328741562545
