seed,reinvest,assumptions,criterion,fold_auc_mean,n_usable,threshold,n_total,n_approved,approval_rate,sharpe,mean_xr,sd_xr,mean_xr_approved,sharpe_approve_all,delta_sharpe,k_at_optimum
0,treasury,provisional_treasury_issue_fixed_fee0pct,pd (보정 전),0.7085861034099834,144565,0.16891349852085114,144565,87688,0.6065645211496559,0.28875642392494316,0.017395319821725288,0.060242191620435974,0.028678432739117285,0.22039088914714683,0.06836553477779633,87688
0,treasury,provisional_treasury_issue_fixed_fee0pct,E[XR],0.7085861034099834,144565,0.014302515387719587,144565,108419,0.7499671428077336,0.2873443159439129,0.022040317147760675,0.07670350838628164,0.02938837702308656,0.22039088914714683,0.06695342679676608,108419
0,treasury,provisional_treasury_issue_fixed_fee0pct,q_score,0.7085861034099834,144565,0.2569346193530965,144565,79735,0.5515512053401584,0.30265539457581464,0.01796163065260548,0.05934680489600903,0.032565662949694756,0.22039088914714683,0.08226450542866781,79735
0,cash,provisional_cash_issue_fixed_fee0pct,pd (보정 전),0.7085861034099834,144707,0.16010156273841858,144707,83449,0.5766756273020656,0.23106109400723873,0.013491233669821278,0.05838816667855809,0.02339483937085918,0.15450562404602836,0.07655546996121038,83449
0,cash,provisional_cash_issue_fixed_fee0pct,E[XR],0.7085861034099834,144707,0.014548938519224192,144707,84669,0.5851064564948482,0.22994016775084733,0.015750438497764106,0.06849798646244327,0.026918927868475474,0.15450562404602836,0.07543454370481897,84669
0,cash,provisional_cash_issue_fixed_fee0pct,q_score,0.7085861034099834,144707,0.18230454682252034,144707,80488,0.5562135902202381,0.244667481782532,0.015055601088273177,0.061534949305856824,0.02706802090598284,0.15450562404602836,0.09016185773650365,80488
1,treasury,provisional_treasury_issue_fixed_fee0pct,pd (보정 전),0.7086579564916092,144575,0.1539832502603531,144575,80523,0.55696351374719,0.28573843963508133,0.016001966677185318,0.05600214901995819,0.028730727026490162,0.22071923993453849,0.06501919970054285,80523
1,treasury,provisional_treasury_issue_fixed_fee0pct,E[XR],0.7086579564916092,144575,0.015797498983863248,144575,103714,0.7173716064326474,0.28382092731022796,0.021211110869640254,0.07473413278810556,0.029567814894597057,0.22071923993453849,0.06310168737568947,103714
1,treasury,provisional_treasury_issue_fixed_fee0pct,q_score,0.7086579564916092,144575,0.24132871780964604,144575,84042,0.5813038215459104,0.2995919474035463,0.018422428328070915,0.0614917339659414,0.03169156583054726,0.22071923993453849,0.07887270746900779,84041
1,cash,provisional_cash_issue_fixed_fee0pct,pd (보정 전),0.7086579564916092,144705,0.1539832502603531,144705,80567,0.5567672160602606,0.22846751035364582,0.012956817236676504,0.05671185901493884,0.023271516107503984,0.15538359403512828,0.07308391631851754,80567
1,cash,provisional_cash_issue_fixed_fee0pct,E[XR],0.7086579564916092,144705,0.012124717987861815,144705,94723,0.6545938288241595,0.22659208892536353,0.01637539014013468,0.07226814589067453,0.025016108339349353,0.15538359403512828,0.07120849489023526,94723
1,cash,provisional_cash_issue_fixed_fee0pct,q_score,0.7086579564916092,144705,0.20058147529893652,144705,75551,0.522103590062541,0.24016791523541126,0.014188876486528198,0.059078984270694725,0.027176362615757076,0.15538359403512828,0.08478432120028298,75551
2,treasury,provisional_treasury_issue_fixed_fee0pct,pd (보정 전),0.7092252654301229,144581,0.20615948736667633,144581,102802,0.7110339532857014,0.2836562459938014,0.019753545158180622,0.06963902765115773,0.02778143725331134,0.2225127295472868,0.06114351644651461,102802
2,treasury,provisional_treasury_issue_fixed_fee0pct,E[XR],0.7092252654301229,144581,0.01557716076561845,144581,103575,0.7163804372635408,0.28323301085333086,0.0212127047804522,0.07489488854619289,0.029610949262491516,0.2225127295472868,0.060720281306044066,103575
2,treasury,provisional_treasury_issue_fixed_fee0pct,q_score,0.7092252654301229,144581,0.25227941673284116,144581,80552,0.5571409797967921,0.29629684338390366,0.01779517777913832,0.060058614111108743,0.031940170305958845,0.2225127295472868,0.07378411383661687,80551
2,cash,provisional_cash_issue_fixed_fee0pct,pd (보정 전),0.7092252654301229,144711,0.15206699073314667,144711,79104,0.546634326346995,0.22705808047456472,0.012693266157411969,0.05590316861165047,0.023220763032277044,0.1572314908963145,0.06982658957825022,79104
2,cash,provisional_cash_issue_fixed_fee0pct,E[XR],0.7092252654301229,144711,0.010717566679829996,144711,99178,0.685352184699159,0.22765208963850753,0.01684024582390257,0.07397360529679368,0.024571667238931665,0.1572314908963145,0.07042059874219303,99178
2,cash,provisional_cash_issue_fixed_fee0pct,q_score,0.7092252654301229,144711,0.1917402050314004,144711,77248,0.533808763673805,0.2404916405448729,0.014421600639216188,0.059967159800369436,0.027016417902102505,0.1572314908963145,0.08326014964855841,77248
3,treasury,provisional_treasury_issue_fixed_fee0pct,pd (보정 전),0.7097854570304163,144472,0.16093862056732178,144472,84109,0.5821820145080016,0.28344793368095283,0.01654500970498456,0.058370542660642954,0.028418963988378523,0.22062124486214282,0.06282668881881001,84109
3,treasury,provisional_treasury_issue_fixed_fee0pct,E[XR],0.7097854570304163,144472,0.015681948136284755,144472,103973,0.7196757849271831,0.2849603424449783,0.02132892336479272,0.07484874274714058,0.029636850108762214,0.22062124486214282,0.06433909758283549,103973
3,treasury,provisional_treasury_issue_fixed_fee0pct,q_score,0.7097854570304163,144472,0.23899873495207347,144472,84343,0.5838017055207929,0.303623684704269,0.018644545165056658,0.061406754822906244,0.03193643490373908,0.22062124486214282,0.08300243984212616,84343
3,cash,provisional_cash_issue_fixed_fee0pct,pd (보정 전),0.7097854570304163,144621,0.16093862056732178,144621,84151,0.5818726187759731,0.22629324826791564,0.013369894839078435,0.059082164144997694,0.022977356912245398,0.15448821197993182,0.07180503628798382,84151
3,cash,provisional_cash_issue_fixed_fee0pct,E[XR],0.7097854570304163,144621,0.015701194017831342,144621,79187,0.547548419662428,0.22857030113129934,0.015127573149636623,0.06618345898291085,0.027627827250351674,0.15448821197993182,0.07408208915136752,79186
3,cash,provisional_cash_issue_fixed_fee0pct,q_score,0.7097854570304163,144621,0.1901105346999574,144621,78476,0.5426321211995492,0.2477892707546306,0.014845130850093702,0.059910305256082326,0.027357633781938437,0.15448821197993182,0.09330105877469877,78476
4,treasury,provisional_treasury_issue_fixed_fee0pct,pd (보정 전),0.709161491748562,144526,0.15088702738285065,144526,78845,0.5455419786059256,0.2807348713988638,0.015592287023161896,0.055540969832050285,0.02858127813189798,0.21981246403652774,0.060922407362336034,78845
4,treasury,provisional_treasury_issue_fixed_fee0pct,E[XR],0.709161491748562,144526,0.01670307800058598,144526,100338,0.6942557048558737,0.28351233089050243,0.020889403329560522,0.0736807576021287,0.03008891851151173,0.21981246403652774,0.06369986685397469,100338
4,treasury,provisional_treasury_issue_fixed_fee0pct,q_score,0.709161491748562,144526,0.2237352524227672,144526,88517,0.6124641932939402,0.2962054723090322,0.01906778334165403,0.06437350124902082,0.031132894870317458,0.21981246403652774,0.07639300827250448,88517
4,cash,provisional_cash_issue_fixed_fee0pct,pd (보정 전),0.709161491748562,144678,0.15088702738285065,144678,78879,0.545203831957865,0.2262254925776051,0.012656604302610317,0.0559468526663662,0.023214444874973764,0.15399495846065062,0.07223053411695449,78879
4,cash,provisional_cash_issue_fixed_fee0pct,E[XR],0.709161491748562,144678,0.011538408568476603,144678,96775,0.668899210660916,0.22543493389694563,0.016543948847372824,0.07338680195386374,0.02473309668137645,0.15399495846065062,0.07143997543629502,96775
4,cash,provisional_cash_issue_fixed_fee0pct,q_score,0.709161491748562,144678,0.22629778924916075,144678,68433,0.4730021150416788,0.24078357761935978,0.013311078740772827,0.05528233641335444,0.028141689682719323,0.15399495846065062,0.08678861915870917,68433
5,treasury,provisional_treasury_issue_fixed_fee0pct,pd (보정 전),0.7087621319313742,144569,0.18882621824741364,144569,96996,0.6709322192171212,0.2823702294708297,0.018732193868231158,0.0663391247134508,0.02791965169013475,0.218762914878372,0.06360731459245769,96996
5,treasury,provisional_treasury_issue_fixed_fee0pct,E[XR],0.7087621319313742,144569,0.015784659698285297,144569,104136,0.7203204006391412,0.2838890681386087,0.021323577317507704,0.0751123579971918,0.02960290628807301,0.218762914878372,0.06512615326023671,104136
5,treasury,provisional_treasury_issue_fixed_fee0pct,q_score,0.7087621319313742,144569,0.2554654904541523,144569,80617,0.5576368377729666,0.29933379481644995,0.017941204952178852,0.05993711790271216,0.03217363656215866,0.218762914878372,0.08057087993807796,80617
5,cash,provisional_cash_issue_fixed_fee0pct,pd (보정 전),0.7087621319313742,144709,0.15177902579307556,144709,79876,0.5519767257046901,0.22524223482186648,0.01277384527067696,0.05671158999458783,0.02314199979060534,0.15303627574761147,0.072205959074255,79876
5,cash,provisional_cash_issue_fixed_fee0pct,E[XR],0.7087621319313742,144709,0.010851989989876288,144709,100018,0.6911664098293817,0.22714826196116314,0.01694183322816465,0.07458491243509281,0.024511945295991506,0.15303627574761147,0.07411198621355167,100018
5,cash,provisional_cash_issue_fixed_fee0pct,q_score,0.7087621319313742,144709,0.20219820887115206,144709,75339,0.52062414915451,0.24266561435678477,0.014276582034470532,0.05883232394629884,0.02742205112393576,0.15303627574761147,0.0896293386091733,75339
6,treasury,provisional_treasury_issue_fixed_fee0pct,pd (보정 전),0.709117905667241,144565,0.1774866282939911,144565,91975,0.6362190018330854,0.2848416563465142,0.01798150795035056,0.06312808379569815,0.0282630790632501,0.22255431738875886,0.062287338957755345,91975
6,treasury,provisional_treasury_issue_fixed_fee0pct,E[XR],0.709117905667241,144565,0.015597262600759259,144565,104055,0.7197800297444056,0.28356318433957267,0.021299824538864354,0.07511491517658753,0.02959213045467229,0.22255431738875886,0.06100886695081381,104054
6,treasury,provisional_treasury_issue_fixed_fee0pct,q_score,0.709117905667241,144565,0.2365971658088029,144565,85367,0.5905094594127209,0.298701846308578,0.01868126634331471,0.06254151614450963,0.031635846040288296,0.22255431738875886,0.07614752891981913,85367
6,cash,provisional_cash_issue_fixed_fee0pct,pd (보정 전),0.709117905667241,144710,0.17112061381340027,144710,89129,0.6159145877962822,0.22452458859816196,0.01404169955549913,0.0625396961783219,0.022798127912085617,0.1563424093149922,0.06818217928316977,89129
6,cash,provisional_cash_issue_fixed_fee0pct,E[XR],0.709117905667241,144710,0.01371531327559506,144710,88451,0.6112293552622486,0.22385711076699277,0.015778495086395814,0.0704846722641144,0.02581436076417834,0.1563424093149922,0.06751470145200059,88449
6,cash,provisional_cash_issue_fixed_fee0pct,q_score,0.709117905667241,144710,0.22882684128719227,144710,68116,0.47070693110358647,0.23917494902250583,0.01325217636058286,0.05540787785154968,0.02815377357948126,0.1563424093149922,0.08283253970751364,68116
7,treasury,provisional_treasury_issue_fixed_fee0pct,pd (보정 전),0.7093516425167915,144533,0.15630187094211578,144533,81218,0.5619339527997066,0.28474899027077843,0.01614606584973447,0.0567028028242618,0.02873303129182782,0.22186492868822225,0.06288406158255619,81218
7,treasury,provisional_treasury_issue_fixed_fee0pct,E[XR],0.7093516425167915,144533,0.014991638794679428,144533,106508,0.736911293614607,0.28547870704053846,0.02174357939293811,0.07616532811976247,0.02950637285837237,0.22186492868822225,0.06361377835231621,106508
7,treasury,provisional_treasury_issue_fixed_fee0pct,q_score,0.7093516425167915,144533,0.23932234382468437,144533,84526,0.5848214594590855,0.29586461788203167,0.0184758112261679,0.062446842608050376,0.03159222516091765,0.22186492868822225,0.07399968919380942,84526
7,cash,provisional_cash_issue_fixed_fee0pct,pd (보정 전),0.7093516425167915,144686,0.15600337088108063,144686,81112,0.5606071078058693,0.22688396347494671,0.013043720732941643,0.05749071257908824,0.023267134061130224,0.15510107302911316,0.07178289044583355,81112
7,cash,provisional_cash_issue_fixed_fee0pct,E[XR],0.7093516425167915,144686,0.012929303839067537,144686,91971,0.6356592897723345,0.22492902248972213,0.016181770041749123,0.07194167236685738,0.025456671997265586,0.15510107302911316,0.06982794946060897,91970
7,cash,provisional_cash_issue_fixed_fee0pct,q_score,0.7093516425167915,144686,0.1786526496400751,144686,81967,0.5665164563261131,0.2372608965708779,0.014953449482922631,0.06302534340485776,0.026395437089147388,0.15510107302911316,0.08215982354176474,81967
8,treasury,provisional_treasury_issue_fixed_fee0pct,pd (보정 전),0.7086920928726412,144554,0.18498773872852325,144554,94966,0.6569586452121698,0.28933422473726406,0.018672126636756103,0.06453480107205184,0.028422073098262973,0.22234342379946462,0.06699080093779944,94966
8,treasury,provisional_treasury_issue_fixed_fee0pct,E[XR],0.7086920928726412,144554,0.015286308224179618,144554,105287,0.7283575687978195,0.28386662927460876,0.021453193635466886,0.07557490533593259,0.029454205673837032,0.22234342379946462,0.061523205475144144,105287
8,treasury,provisional_treasury_issue_fixed_fee0pct,q_score,0.7086920928726412,144554,0.24456612438373404,144554,83275,0.5760822945058593,0.30069281894453087,0.018396029074686786,0.0611788107852805,0.03193298813404111,0.22234342379946462,0.07834939514506625,83275
8,cash,provisional_cash_issue_fixed_fee0pct,pd (보정 전),0.7086920928726412,144710,0.16761651635169983,144710,87224,0.6027503282426923,0.22829585595704807,0.013938519875370448,0.061054633764352835,0.023124864844135302,0.15479322878168958,0.07350262717535849,87224
8,cash,provisional_cash_issue_fixed_fee0pct,E[XR],0.7086920928726412,144710,0.012309476929199904,144710,93995,0.6495404602308065,0.22510240499297307,0.016325679282601015,0.07252556578907682,0.025134199148733372,0.15479322878168958,0.07030917621128349,93995
8,cash,provisional_cash_issue_fixed_fee0pct,q_score,0.7086920928726412,144710,0.213924369544948,144710,71928,0.4970492709557045,0.24341750231753423,0.013879596106838959,0.05701971294048712,0.027923984437502304,0.15479322878168958,0.08862427353584465,71928
9,treasury,provisional_treasury_issue_fixed_fee0pct,pd (보정 전),0.7087562349848421,144526,0.17745965719223022,144526,91494,0.6330625631374286,0.28396257553618615,0.017869458894240395,0.06292892244865121,0.028227003040078993,0.22269408095783597,0.06126849457835018,91494
9,treasury,provisional_treasury_issue_fixed_fee0pct,E[XR],0.7087562349848421,144526,0.015099706452795004,144526,105050,0.7268588350884961,0.29055421331966047,0.021749905623551745,0.07485661754840382,0.02992314954925692,0.22269408095783597,0.0678601323618245,105050
9,treasury,provisional_treasury_issue_fixed_fee0pct,q_score,0.7087562349848421,144526,0.23524743939934825,144526,84793,0.5866972032713837,0.29713791358684055,0.01854248188181336,0.06240362146313549,0.03160485814219284,0.22269408095783597,0.07444383262900459,84793
9,cash,provisional_cash_issue_fixed_fee0pct,pd (보정 전),0.7087562349848421,144680,0.16333995759487152,144680,85218,0.589010229471938,0.22387219146680004,0.013484506917372834,0.060233059001295344,0.022893502086478227,0.15526557086090106,0.06860662060589898,85218
9,cash,provisional_cash_issue_fixed_fee0pct,E[XR],0.7087562349848421,144680,0.011913241827837083,144680,94795,0.6552045894387614,0.23084199049550075,0.016613495363498265,0.07196912194282024,0.02535619504394672,0.15526557086090106,0.07557641963459968,94795
9,cash,provisional_cash_issue_fixed_fee0pct,q_score,0.7087562349848421,144680,0.18153588597595144,144680,80248,0.5546585568150401,0.23829524794431386,0.014738798294539694,0.06185099544232055,0.026572741217899546,0.15526557086090106,0.0830296770834128,80248
10,treasury,provisional_treasury_issue_fixed_fee0pct,pd (보정 전),0.7085015505118207,144572,0.19625045359134674,144572,99496,0.6882107185347094,0.28476783208420164,0.019243575608701373,0.06757636727383395,0.02796174934571415,0.22212536091205698,0.06264247117214466,99496
10,treasury,provisional_treasury_issue_fixed_fee0pct,E[XR],0.7085015505118207,144572,0.015785655287941177,144572,103313,0.7146127880917467,0.28921460780414815,0.021498122834719347,0.07433276969635852,0.030083596589597104,0.22212536091205698,0.06708924689209117,103313
10,treasury,provisional_treasury_issue_fixed_fee0pct,q_score,0.7085015505118207,144572,0.24697633204084232,144572,81901,0.5665066541238968,0.30246430831615484,0.018279058629657247,0.06043377062044123,0.03226627347903942,0.22212536091205698,0.08033894740409786,81896
10,cash,provisional_cash_issue_fixed_fee0pct,pd (보정 전),0.7085015505118207,144711,0.13222728669643402,144711,68810,0.4754994437188603,0.22581645152946744,0.011178732982081305,0.0495036252069473,0.02350945543627333,0.15555615463439335,0.0702602968950741,68810
10,cash,provisional_cash_issue_fixed_fee0pct,E[XR],0.7085015505118207,144711,0.014051131717009484,144711,86166,0.5954350394925058,0.23123080594754608,0.015896735442037988,0.06874834595197381,0.02669768217803727,0.15555615463439335,0.07567465131315274,86166
10,cash,provisional_cash_issue_fixed_fee0pct,q_score,0.7085015505118207,144711,0.17266103128125018,144711,82749,0.5718224599373924,0.24474187864361643,0.015308602527308153,0.06254999190227528,0.026771600627551875,0.15555615463439335,0.08918572400922309,82749
11,treasury,provisional_treasury_issue_fixed_fee0pct,pd (보정 전),0.7086049069677284,144518,0.1638416200876236,144518,85634,0.5925490250349438,0.2884256179849438,0.016977360103901173,0.05886217813283144,0.028651401633645397,0.22004364826155992,0.0683819697233839,85634
11,treasury,provisional_treasury_issue_fixed_fee0pct,E[XR],0.7086049069677284,144518,0.018211285778016686,144518,94891,0.6566033296890352,0.2824404585849455,0.02026327100291008,0.07174351402924349,0.030860749689628722,0.22004364826155992,0.062396810323385565,94891
11,treasury,provisional_treasury_issue_fixed_fee0pct,q_score,0.7086049069677284,144518,0.23902546540477423,144518,84780,0.5866397265392547,0.30150581483268135,0.018749535910374305,0.06218631611061897,0.03196090387704026,0.22004364826155992,0.08146216657112143,84777
11,cash,provisional_cash_issue_fixed_fee0pct,pd (보정 전),0.7086049069677284,144665,0.16201914846897125,144665,84764,0.5859330176614937,0.23071794330488432,0.013636911192926869,0.059106417981977556,0.023273839810824943,0.1539906816340779,0.07672726167080643,84764
11,cash,provisional_cash_issue_fixed_fee0pct,E[XR],0.7086049069677284,144665,0.01294326841693069,144665,91749,0.6342169840666367,0.22826454143597893,0.016294397020102703,0.07138382912036347,0.02569214863282605,0.1539906816340779,0.07427385980190104,91748
11,cash,provisional_cash_issue_fixed_fee0pct,q_score,0.7086049069677284,144665,0.19266727072818945,144665,77952,0.5388449175681748,0.24259805006934962,0.014704089099327628,0.06061091214513086,0.02728816514719611,0.1539906816340779,0.08860736843527173,77952
12,treasury,provisional_treasury_issue_fixed_fee0pct,pd (보정 전),0.7097684213938116,144551,0.16234932839870453,144551,85234,0.5896465607294311,0.2779139029477267,0.01656422719936009,0.059602009916233586,0.02809178973056175,0.22207422282501818,0.05583968012270854,85234
12,treasury,provisional_treasury_issue_fixed_fee0pct,E[XR],0.7097684213938116,144551,0.013465534275045949,144551,110804,0.7665391453535431,0.28020918465116784,0.02188247298954063,0.0780933466430987,0.028547104374490876,0.22207422282501818,0.05813496182614966,110804
12,treasury,provisional_treasury_issue_fixed_fee0pct,q_score,0.7097684213938116,144551,0.2271459479712754,144551,87770,0.6071905417465117,0.29267076158055544,0.0188514492185733,0.06441179541395657,0.03104700736007735,0.22207422282501818,0.07059653875553726,87770
12,cash,provisional_cash_issue_fixed_fee0pct,pd (보정 전),0.7097684213938116,144703,0.13816042244434357,144703,72620,0.5018555247645177,0.22004645446787355,0.011564955652074656,0.05255688250028635,0.023044392422502877,0.15532364217528663,0.06472281229258692,72620
12,cash,provisional_cash_issue_fixed_fee0pct,E[XR],0.7097684213938116,144703,0.01359106557341197,144703,89187,0.6163452036239746,0.2224582789922946,0.015778572620680817,0.07092823289000229,0.02560021969491491,0.15532364217528663,0.06713463681700796,89187
12,cash,provisional_cash_issue_fixed_fee0pct,q_score,0.7097684213938116,144703,0.18173488017737607,144703,81200,0.5611493887479873,0.23448795490812324,0.014773329467907003,0.06300250890795644,0.02632691002456338,0.15532364217528663,0.07916431273283661,81200
13,treasury,provisional_treasury_issue_fixed_fee0pct,pd (보정 전),0.709229990286534,144573,0.1728106588125229,144573,89745,0.6207590628955614,0.28589097417140735,0.01766251065203207,0.061780581577417414,0.02845308543647259,0.22024706706541147,0.06564390710599588,89745
13,treasury,provisional_treasury_issue_fixed_fee0pct,E[XR],0.709229990286534,144573,0.015622091426270593,144573,104469,0.7226038056898592,0.28101546390785415,0.021260840325513432,0.07565718992776475,0.029422541312546818,0.22024706706541147,0.060768396842442673,104469
13,treasury,provisional_treasury_issue_fixed_fee0pct,q_score,0.709229990286534,144573,0.23831164258875562,144573,84771,0.5863542985204706,0.2941451629870702,0.018456731610119452,0.0627470172301704,0.031477097817293645,0.22024706706541147,0.07389809592165875,84771
13,cash,provisional_cash_issue_fixed_fee0pct,pd (보정 전),0.709229990286534,144707,0.1728106588125229,144707,89798,0.6205504916831943,0.22515798783685573,0.014201120332402777,0.06307180335385255,0.022884713690071144,0.15438555797866993,0.0707724298581858,89798
13,cash,provisional_cash_issue_fixed_fee0pct,E[XR],0.709229990286534,144707,0.012463674684147864,144707,93633,0.6470523195146054,0.22291989410962665,0.01620076910472193,0.07267529517466957,0.02503780392422539,0.15438555797866993,0.06853433613095672,93633
13,cash,provisional_cash_issue_fixed_fee0pct,q_score,0.709229990286534,144707,0.19113674880175194,144707,78496,0.5424478428825144,0.23401990762370178,0.014399938337822398,0.061532963088687394,0.026546217349307805,0.15438555797866993,0.07963434964503185,78496
14,treasury,provisional_treasury_issue_fixed_fee0pct,pd (보정 전),0.7083084479684316,144568,0.21486186981201172,144568,106134,0.7341458690719938,0.28333908935562346,0.02033169273766166,0.07175745776519177,0.02769435012058596,0.22091401398950658,0.06242507536611688,106134
14,treasury,provisional_treasury_issue_fixed_fee0pct,E[XR],0.7083084479684316,144568,0.0139281321649431,144568,109617,0.758238337668087,0.28371316991215423,0.02195686697203784,0.07739107415717936,0.02895773779991759,0.22091401398950658,0.06279915592264765,109617
14,treasury,provisional_treasury_issue_fixed_fee0pct,q_score,0.7083084479684316,144568,0.2697477616702774,144568,76703,0.5305669304410381,0.2971134230007436,0.017232748178714546,0.05800057097615893,0.0324798761287095,0.22091401398950658,0.07619940901123703,76703
14,cash,provisional_cash_issue_fixed_fee0pct,pd (보정 전),0.7083084479684316,144703,0.1658952385187149,144703,86171,0.5955025120419065,0.22659908664203404,0.013700984612685065,0.06046354738550588,0.023007433781775388,0.1553900239174109,0.07120906272462313,86171
14,cash,provisional_cash_issue_fixed_fee0pct,E[XR],0.7083084479684316,144703,0.011361035518442602,144703,97641,0.6747683185559387,0.22708011695461264,0.016745134505634442,0.07374108631882703,0.024816124357276346,0.1553900239174109,0.07169009303720172,97641
14,cash,provisional_cash_issue_fixed_fee0pct,q_score,0.7083084479684316,144703,0.21586803212578168,144703,71225,0.4922150888371354,0.240911584124537,0.013689909859746375,0.05682545282951541,0.027812861024006735,0.1553900239174109,0.08552156020712609,71225
15,treasury,provisional_treasury_issue_fixed_fee0pct,pd (보정 전),0.7086993577475116,144561,0.16371117532253265,144561,85573,0.591950802775299,0.28375357844322646,0.016847120374479916,0.05937236269200592,0.0284603387570284,0.2203247624330662,0.06342881601016026,85573
15,treasury,provisional_treasury_issue_fixed_fee0pct,E[XR],0.7086993577475116,144561,0.01547002120543267,144561,105033,0.7265652561894287,0.2833570909697734,0.021405708244381694,0.0755432241738698,0.029461508188055777,0.2203247624330662,0.0630323285367072,105033
15,treasury,provisional_treasury_issue_fixed_fee0pct,q_score,0.7086993577475116,144561,0.2321008622058125,144561,86258,0.5966892868754367,0.29640732612799126,0.018731884134681704,0.06319642763009183,0.031393029080128476,0.2203247624330662,0.07608256369492505,86258
15,cash,provisional_cash_issue_fixed_fee0pct,pd (보정 전),0.7086993577475116,144706,0.1319211721420288,144706,68981,0.47669757992066675,0.2282285493610086,0.011299933255770504,0.049511479994110784,0.023704616368413426,0.15398714873922753,0.07424140062178106,68981
15,cash,provisional_cash_issue_fixed_fee0pct,E[XR],0.7086993577475116,144706,0.01067021649148206,144706,100249,0.6927770790430252,0.22629986930955084,0.01690712723272766,0.07471116657874592,0.024404859433401718,0.15398714873922753,0.07231272057032331,100249
15,cash,provisional_cash_issue_fixed_fee0pct,q_score,0.7086993577475116,144706,0.21963016024085713,144706,70089,0.48435448426464695,0.24048283875442483,0.01357935680396352,0.05646705134672929,0.028035988609829577,0.15398714873922753,0.0864956900151973,70089
16,treasury,provisional_treasury_issue_fixed_fee0pct,pd (보정 전),0.7097177193918512,144567,0.1499403417110443,144567,78677,0.5442251689528039,0.28357297513929375,0.015593217922055733,0.05498837791012369,0.028652144023511714,0.2229754996069926,0.06059747553230116,78677
16,treasury,provisional_treasury_issue_fixed_fee0pct,E[XR],0.7097177193918512,144567,0.015001545657363561,144567,105440,0.7293504050025248,0.2872136178585019,0.021640070587795802,0.07534486264662822,0.02967033464212705,0.2229754996069926,0.06423811825150932,105438
16,treasury,provisional_treasury_issue_fixed_fee0pct,q_score,0.7097177193918512,144567,0.20825850588277173,144567,91892,0.635636071855956,0.2985148421061644,0.01967629433061,0.06591395654493548,0.030955282750329688,0.2229754996069926,0.07553934249917182,91892
16,cash,provisional_cash_issue_fixed_fee0pct,pd (보정 전),0.7097177193918512,144711,0.1391589492559433,144711,73123,0.5053036742196516,0.22890606194688873,0.011886228552602825,0.05192622882725217,0.02352294107292791,0.15701988361757943,0.0718861783293093,73123
16,cash,provisional_cash_issue_fixed_fee0pct,E[XR],0.7097177193918512,144711,0.01136046713575406,144711,97060,0.6707161169503355,0.2299083456957013,0.016767352474779333,0.07293059512063112,0.024999179311537112,0.15701988361757943,0.07288846207812186,97060
16,cash,provisional_cash_issue_fixed_fee0pct,q_score,0.7097177193918512,144711,0.20960989342244865,144711,73065,0.5049028753861144,0.23964573277960446,0.013900435903800128,0.058004103568069725,0.027530910560115245,0.15701988361757943,0.08262584916202503,73065
17,treasury,provisional_treasury_issue_fixed_fee0pct,pd (보정 전),0.7081966002745925,144559,0.16566826403141022,144559,86091,0.5955423045261796,0.28350707180809076,0.01695985272987228,0.05982162145627647,0.028477998289921206,0.21811255376100272,0.06539451804708804,86091
17,treasury,provisional_treasury_issue_fixed_fee0pct,E[XR],0.7081966002745925,144559,0.015600450913433019,144559,104671,0.7240711405031856,0.2789389708192412,0.02121073458413358,0.07604077164920932,0.029293716318252106,0.21811255376100272,0.06082641705823846,104671
17,treasury,provisional_treasury_issue_fixed_fee0pct,q_score,0.7081966002745925,144559,0.25264599552452716,144559,81403,0.5631126391300438,0.29639307631081047,0.018036901194034956,0.06085466441574568,0.032030716309085654,0.21811255376100272,0.07828052254980775,81403
17,cash,provisional_cash_issue_fixed_fee0pct,pd (보정 전),0.7081966002745925,144687,0.16566826403141022,144687,86125,0.5952504371505387,0.22708969367113557,0.013734482357277925,0.06048043015626894,0.023073451945747125,0.15302471391662387,0.0740649797545117,86125
17,cash,provisional_cash_issue_fixed_fee0pct,E[XR],0.7081966002745925,144687,0.010520284622686761,144687,100799,0.6966693621403444,0.2234713919011658,0.016827631157900248,0.07530105314484109,0.024154401029207764,0.15302471391662387,0.07044667798454193,100799
17,cash,provisional_cash_issue_fixed_fee0pct,q_score,0.7081966002745925,144687,0.1920510889254581,144687,78197,0.5404562953133315,0.24142738934191282,0.014606211526346273,0.06049939721484301,0.02702570337880562,0.15302471391662387,0.08840267542528896,78197
18,treasury,provisional_treasury_issue_fixed_fee0pct,pd (보정 전),0.708781269862526,144548,0.168335422873497,144548,87366,0.604408224257686,0.28329242475987093,0.017180123770379217,0.06064448699942395,0.02842470218117775,0.22033231811183004,0.06296010664804089,87366
18,treasury,provisional_treasury_issue_fixed_fee0pct,E[XR],0.708781269862526,144548,0.01353957423772889,144548,110351,0.7634211473005507,0.2836634844526169,0.022066562835679156,0.07779134095548106,0.028904835703996802,0.22033231811183004,0.06333116634078687,110351
18,treasury,provisional_treasury_issue_fixed_fee0pct,q_score,0.708781269862526,144548,0.22296436039559894,144548,88634,0.6131803968232006,0.29914939291262194,0.01921650984944279,0.06423716813309398,0.0313390805528043,0.22033231811183004,0.07881707480079189,88634
18,cash,provisional_cash_issue_fixed_fee0pct,pd (보정 전),0.708781269862526,144693,0.12593472003936768,144693,64972,0.4490334708659023,0.22801857489892513,0.0106945120262561,0.04690193345430917,0.023816736880734372,0.1545614783144643,0.07345709658446084,64972
18,cash,provisional_cash_issue_fixed_fee0pct,E[XR],0.708781269862526,144693,0.013497499263188065,144693,88984,0.6149848299503086,0.2268107137500399,0.015958858390535714,0.07036201300493607,0.025950003338822535,0.1545614783144643,0.0722492354355756,88982
18,cash,provisional_cash_issue_fixed_fee0pct,q_score,0.708781269862526,144693,0.23466507919927787,144693,65610,0.45344280649374885,0.24298851171574587,0.013010527401254916,0.05354379640986801,0.028692763927294276,0.1545614783144643,0.08842703340128158,65610
19,treasury,provisional_treasury_issue_fixed_fee0pct,pd (보정 전),0.7096748758708644,144533,0.16029372811317444,144533,83580,0.5782762414119959,0.28025573030313977,0.016382089328056314,0.058454074463854144,0.028329175841732033,0.2211709719402051,0.05908475836293467,83580
19,treasury,provisional_treasury_issue_fixed_fee0pct,E[XR],0.7096748758708644,144533,0.013535108297898939,144533,110199,0.7624487141344883,0.28000567952652516,0.02177556106213803,0.07776828348255545,0.028560033820579096,0.2211709719402051,0.05883470758632006,110198
19,treasury,provisional_treasury_issue_fixed_fee0pct,q_score,0.7096748758708644,144533,0.19201679315046896,144533,96628,0.6685532023828469,0.28942684393110374,0.02001530980833659,0.06915498761790455,0.029938245358781233,0.2211709719402051,0.06825587199089864,96628
19,cash,provisional_cash_issue_fixed_fee0pct,pd (보정 전),0.7096748758708644,144689,0.16029372811317444,144689,83631,0.578005238822578,0.22228383351149733,0.013190219378267823,0.0593395352685038,0.022820241915344708,0.15491165946795227,0.06737217404354506,83631
19,cash,provisional_cash_issue_fixed_fee0pct,E[XR],0.7096748758708644,144689,0.011937607686048922,144689,95616,0.6608380733849843,0.2226696322966534,0.016267543642838223,0.07305685770909559,0.024616535121094997,0.15491165946795227,0.06775797282870114,95616
19,cash,provisional_cash_issue_fixed_fee0pct,q_score,0.7096748758708644,144689,0.2574344689742378,144689,59709,0.41267131571854115,0.23269834745743467,0.01183288792895269,0.05085076047268176,0.028673880345546496,0.15491165946795227,0.0777866879894824,59709
20,treasury,provisional_treasury_issue_fixed_fee0pct,pd (보정 전),0.7088301805944527,144562,0.15430696308612823,144562,80904,0.559649147078762,0.28750217407092854,0.016148173453630104,0.05616713510360426,0.028854101784876827,0.22253952458073542,0.06496264949019312,80904
20,treasury,provisional_treasury_issue_fixed_fee0pct,E[XR],0.7088301805944527,144562,0.016624297803011716,144562,100514,0.6953002863823134,0.28537595283274275,0.020966305678247837,0.07346906938068787,0.030154317622011494,0.22253952458073542,0.06283642825200733,100514
20,treasury,provisional_treasury_issue_fixed_fee0pct,q_score,0.7088301805944527,144562,0.26178042676795393,144562,78661,0.544133313042155,0.297995040103169,0.01755705226144356,0.058917263372474986,0.03226608597677126,0.22253952458073542,0.0754555155224336,78661
20,cash,provisional_cash_issue_fixed_fee0pct,pd (보정 전),0.7088301805944527,144708,0.15430696308612823,144708,80938,0.5593194571136357,0.23183952260339638,0.013128941955121487,0.056629438361881786,0.02347306496876276,0.1561976292207956,0.07564189338260077,80938
20,cash,provisional_cash_issue_fixed_fee0pct,E[XR],0.7088301805944527,144708,0.011277931523217752,144708,97887,0.676444978853968,0.22887275714933203,0.016785123876831003,0.07333823424813897,0.024813731199939328,0.1561976292207956,0.07267512792853642,97887
20,cash,provisional_cash_issue_fixed_fee0pct,q_score,0.7088301805944527,144708,0.22827749596356983,144708,67159,0.4641001188600492,0.24422536773089756,0.013246116134637949,0.05423726559488004,0.028541505585419503,0.1561976292207956,0.08802773851010195,67159
21,treasury,provisional_treasury_issue_fixed_fee0pct,pd (보정 전),0.7088075613358018,144563,0.1944546103477478,144563,98875,0.6839578592032539,0.2879658509474358,0.019259587838299258,0.06688149922963957,0.028159027020663013,0.2267099782570668,0.06125587269036903,98875
21,treasury,provisional_treasury_issue_fixed_fee0pct,E[XR],0.7088075613358018,144563,0.015725265301674896,144563,103640,0.7169192670323665,0.28820675987772415,0.021441090241372827,0.07439482075460921,0.029907259055997483,0.2267099782570668,0.06149678162065736,103638
21,treasury,provisional_treasury_issue_fixed_fee0pct,q_score,0.7088075613358018,144563,0.22823634355962427,144563,86796,0.6004025926412706,0.3009980192692468,0.0189361538508301,0.06291122412300948,0.03153909407274012,0.2267099782570668,0.07428804101218,86796
21,cash,provisional_cash_issue_fixed_fee0pct,pd (보정 전),0.7088075613358018,144709,0.16094990074634552,144709,84208,0.5819126661092261,0.22771084557457782,0.01348698659348635,0.05922856489098523,0.023176994382443663,0.1588487770502143,0.06886206852436352,84208
21,cash,provisional_cash_issue_fixed_fee0pct,E[XR],0.7088075613358018,144709,0.010486421859139252,144709,100643,0.6954854224685403,0.22933610540500865,0.017100785514332306,0.07456647737225647,0.024588273113813317,0.1588487770502143,0.07048732835479435,100641
21,cash,provisional_cash_issue_fixed_fee0pct,q_score,0.7088075613358018,144709,0.17341585949418659,144709,83082,0.574131532938518,0.24225574371628683,0.01524787534286145,0.0629412335450012,0.02655815691714375,0.1588487770502143,0.08340696666607253,83079
22,treasury,provisional_treasury_issue_fixed_fee0pct,pd (보정 전),0.7090543900479492,144573,0.1812991350889206,144573,93039,0.643543400219958,0.2870145372470942,0.018250389713225366,0.06358698722468745,0.028359221315901195,0.22312030444390527,0.06389423280318893,93039
22,treasury,provisional_treasury_issue_fixed_fee0pct,E[XR],0.7090543900479492,144573,0.014770776970385546,144573,106450,0.7363062259204692,0.28436446696313644,0.02159148997055494,0.07592893092846968,0.029324062747891396,0.22312030444390527,0.06124416251923118,106450
22,treasury,provisional_treasury_issue_fixed_fee0pct,q_score,0.7090543900479492,144573,0.2448412326169673,144573,83009,0.5741666839589689,0.2949531509859157,0.01815558339263716,0.0615541259076489,0.03162075386793879,0.22312030444390527,0.07183284654201041,83008
22,cash,provisional_cash_issue_fixed_fee0pct,pd (보정 전),0.7090543900479492,144711,0.1777254045009613,144711,91483,0.63217723600832,0.22895160001812506,0.014516236464272917,0.06340307935445802,0.02296228911362109,0.15709201291582345,0.07185958710230161,91483
22,cash,provisional_cash_issue_fixed_fee0pct,E[XR],0.7090543900479492,144711,0.012718343969281842,144711,91786,0.6342710643973161,0.22573795299262203,0.016102847677879794,0.07133425046341231,0.025387958842455958,0.15709201291582345,0.06864594007679858,91786
22,cash,provisional_cash_issue_fixed_fee0pct,q_score,0.7090543900479492,144711,0.16837856121017497,144711,84360,0.5829549930551237,0.2377492138196046,0.015165247227975501,0.06378673975123551,0.02601443920824517,0.15709201291582345,0.08065720090378115,84360
23,treasury,provisional_treasury_issue_fixed_fee0pct,pd (보정 전),0.7090088263615477,144563,0.17199106514453888,144563,89225,0.6172049556248833,0.28813046015976995,0.01765473988364913,0.06127342410749916,0.028604339162790354,0.22243860014706984,0.06569186001270011,89225
23,treasury,provisional_treasury_issue_fixed_fee0pct,E[XR],0.7090088263615477,144563,0.014416491614444252,144563,107923,0.7465464883822278,0.28760887002811353,0.021930358500962963,0.07625063336476083,0.029375743965370762,0.22243860014706984,0.06517026988104369,107923
23,treasury,provisional_treasury_issue_fixed_fee0pct,q_score,0.7090088263615477,144563,0.22238342405185976,144563,88279,0.6106610958544025,0.3023549478302176,0.019278004975184265,0.06375951547522775,0.031569073428873946,0.22243860014706984,0.07991634768314776,88279
23,cash,provisional_cash_issue_fixed_fee0pct,pd (보정 전),0.7090088263615477,144711,0.17199106514453888,144711,89279,0.6169468803339069,0.2268455528208189,0.014203239783030962,0.06261193841543211,0.023021819601946634,0.15516333656998163,0.07168221625083726,89279
23,cash,provisional_cash_issue_fixed_fee0pct,E[XR],0.7090088263615477,144711,0.012378192056251038,144711,93553,0.6464816081707679,0.22942630936395725,0.016519353189504492,0.0720028720128324,0.025552704022387143,0.15516333656998163,0.07426297279397562,93553
23,cash,provisional_cash_issue_fixed_fee0pct,q_score,0.7090088263615477,144711,0.16612190955047035,144711,85031,0.587591820939666,0.24334567679431726,0.015554170803430788,0.06391800753696103,0.026471047160862186,0.15516333656998163,0.08818234022433563,85031
24,treasury,provisional_treasury_issue_fixed_fee0pct,pd (보정 전),0.7085760109645236,144582,0.17691481113433838,144582,91226,0.6309637437578675,0.2871193407284712,0.017975733911712675,0.06260718579983274,0.028489329362497994,0.22081278988334102,0.06630655084513015,91226
24,treasury,provisional_treasury_issue_fixed_fee0pct,E[XR],0.7085760109645236,144582,0.01569538579801555,144582,103980,0.7191766609951447,0.2852635615529434,0.021414031570140334,0.07506753212213835,0.02977575988145826,0.22081278988334102,0.06445077166960239,103979
24,treasury,provisional_treasury_issue_fixed_fee0pct,q_score,0.7085760109645236,144582,0.2183272918084451,144582,89196,0.6169232684566544,0.29841978494806237,0.01929433119119337,0.06465499998449975,0.031275090724753575,0.22081278988334102,0.07760699506472135,89196
24,cash,provisional_cash_issue_fixed_fee0pct,pd (보정 전),0.7085760109645236,144712,0.17691481113433838,144712,91265,0.6306664271103986,0.2295763290785126,0.014537548712097623,0.06332337820040185,0.023051090223251754,0.155761343492584,0.07381498558592861,91265
24,cash,provisional_cash_issue_fixed_fee0pct,E[XR],0.7085760109645236,144712,0.012659877353486297,144712,92430,0.6387168997733429,0.22793130369995127,0.01629569085118515,0.07149386936619234,0.025513166877168727,0.155761343492584,0.07216996020736727,92430
24,cash,provisional_cash_issue_fixed_fee0pct,q_score,0.7085760109645236,144712,0.1915869686710765,144712,77983,0.5388841284758693,0.240919660023944,0.014542538208756676,0.060362604726023325,0.026986391768277652,0.155761343492584,0.08515831653136,77978
25,treasury,provisional_treasury_issue_fixed_fee0pct,pd (보정 전),0.7090956815375423,144535,0.16149944067001343,144535,85163,0.5892206040059501,0.2823041401078121,0.01672874211338199,0.05925787027778672,0.02839130539503853,0.21886845344801373,0.06343568665979835,85163
25,treasury,provisional_treasury_issue_fixed_fee0pct,E[XR],0.7090956815375423,144535,0.015237164740851017,144535,106108,0.7341336008579237,0.27838936542730575,0.02131894226024344,0.07657958567315856,0.02903959474859846,0.21886845344801373,0.05952091197929202,106108
25,treasury,provisional_treasury_issue_fixed_fee0pct,q_score,0.7090956815375423,144535,0.2537769621579643,144535,81802,0.5659667208634587,0.29413689993106307,0.017951405509028708,0.06103078366989441,0.03171812908299876,0.21886845344801373,0.07526844648304934,81802
25,cash,provisional_cash_issue_fixed_fee0pct,pd (보정 전),0.7090956815375423,144687,0.1404091715812683,144687,74285,0.5134186208850829,0.22561583051394546,0.011971742752651008,0.05306251217111926,0.023317702680929076,0.15225582017244627,0.0733600103414992,74285
25,cash,provisional_cash_issue_fixed_fee0pct,E[XR],0.7090956815375423,144687,0.015455916682559943,144687,81508,0.563340175689592,0.2217446253691217,0.015099346074910284,0.06809340271398037,0.026803247356585173,0.15225582017244627,0.06948880519667544,81508
25,cash,provisional_cash_issue_fixed_fee0pct,q_score,0.7090956815375423,144687,0.20886777110849586,144687,73858,0.5104674227815906,0.2355292025328796,0.013900449823141583,0.05901794628291737,0.02723082649896946,0.15225582017244627,0.08327338236043333,73858
26,treasury,provisional_treasury_issue_fixed_fee0pct,pd (보정 전),0.7095958808135625,144570,0.1643005758523941,144570,86207,0.5962993705471398,0.28247030445270827,0.016823580403719618,0.05955875764117933,0.02821331236402781,0.22215734399314035,0.06031296045956791,86207
26,treasury,provisional_treasury_issue_fixed_fee0pct,E[XR],0.7095958808135625,144570,0.015547885414752848,144570,104838,0.7251711973438473,0.28491241082752183,0.02135982543157461,0.07496979640003502,0.029454872876654853,0.22215734399314035,0.06275506683438148,104838
26,treasury,provisional_treasury_issue_fixed_fee0pct,q_score,0.7095958808135625,144570,0.24664147654219556,144570,83393,0.576834751331535,0.29288938613217264,0.018076356289965186,0.06171734841156508,0.03133714854772304,0.22215734399314035,0.07073204213903228,83393
26,cash,provisional_cash_issue_fixed_fee0pct,pd (보정 전),0.7095958808135625,144707,0.15967008471488953,144707,83935,0.5800341379477151,0.22504990509551254,0.013253765094961845,0.05889256024936992,0.02284997421333941,0.15689411505952927,0.06815579003598327,83935
26,cash,provisional_cash_issue_fixed_fee0pct,E[XR],0.7095958808135625,144707,0.011103842843413286,144707,98957,0.6838439052706503,0.22762999595601863,0.016754982881460722,0.073606217014959,0.02450118038974036,0.15689411505952927,0.07073588089648936,98957
26,cash,provisional_cash_issue_fixed_fee0pct,q_score,0.7095958808135625,144707,0.21651837302849203,144707,71828,0.49636852398294484,0.23608487382442347,0.013537899720489967,0.05734335919613399,0.027273888384097313,0.15689411505952927,0.0791907587648942,71827
27,treasury,provisional_treasury_issue_fixed_fee0pct,pd (보정 전),0.7085530902672911,144526,0.15327392518520355,144526,80408,0.556356641711526,0.28188844564554333,0.01587565418908999,0.05631892485953354,0.028535031306989603,0.2201054654332324,0.061782980212310934,80408
27,treasury,provisional_treasury_issue_fixed_fee0pct,E[XR],0.7085530902672911,144526,0.0146634994999418,144526,107466,0.7435755504199937,0.28494784288011976,0.021707275788865967,0.07617982143486571,0.029193100521668645,0.2201054654332324,0.06484237744688737,107466
27,treasury,provisional_treasury_issue_fixed_fee0pct,q_score,0.7085530902672911,144526,0.24237903320772297,144526,83908,0.5805737375973873,0.3025000349739627,0.01856648808431203,0.061376813017288014,0.03197955209125806,0.2201054654332324,0.08239456954073032,83908
27,cash,provisional_cash_issue_fixed_fee0pct,pd (보정 전),0.7085530902672911,144689,0.1450650542974472,144689,76205,0.5266813648584204,0.2243352801441973,0.012229505259779266,0.05451440919997836,0.02321993158627652,0.15248745360529714,0.07184782653890015,76205
27,cash,provisional_cash_issue_fixed_fee0pct,E[XR],0.7085530902672911,144689,0.014353464824498022,144689,86099,0.5950625133907899,0.22756558127955037,0.015708122994491893,0.06902679617093428,0.026397433279713323,0.15248745360529714,0.07507812767425323,86099
27,cash,provisional_cash_issue_fixed_fee0pct,q_score,0.7085530902672911,144689,0.20022012753250487,144689,76064,0.5257068609223922,0.24326987206241088,0.014379108515134253,0.05910764203241426,0.027351951408632995,0.15248745360529714,0.09078241845711374,76064
28,treasury,provisional_treasury_issue_fixed_fee0pct,pd (보정 전),0.708116506052057,144524,0.190129354596138,144524,96877,0.6703177326949157,0.28792541436474733,0.01894554756441155,0.06580019206090709,0.028263533307173166,0.22077534765298729,0.06715006671176005,96877
28,treasury,provisional_treasury_issue_fixed_fee0pct,E[XR],0.708116506052057,144524,0.014511122525639367,144524,107434,0.7433644239019125,0.29024456038659424,0.022006343221104334,0.07582000224839752,0.02960370783631702,0.22077534765298729,0.06946921273360696,107434
28,treasury,provisional_treasury_issue_fixed_fee0pct,q_score,0.708116506052057,144524,0.2342960381327945,144524,85294,0.5901718745675458,0.30067174730760476,0.018746553495223413,0.062348902625848295,0.03176456605791344,0.22077534765298729,0.07989639965461748,85294
28,cash,provisional_cash_issue_fixed_fee0pct,pd (보정 전),0.708116506052057,144665,0.15011797845363617,144665,78419,0.5420730653578958,0.2328466212782377,0.012786206845526449,0.0549125719554739,0.023587607764802964,0.15524414528797276,0.07760247599026493,78419
28,cash,provisional_cash_issue_fixed_fee0pct,E[XR],0.708116506052057,144665,0.0124679759975093,144665,92782,0.6413576193274116,0.2332138180398707,0.016541889465139518,0.07093014300858003,0.02579199025106603,0.15524414528797276,0.07796967275189795,92781
28,cash,provisional_cash_issue_fixed_fee0pct,q_score,0.708116506052057,144665,0.20675035382042187,144665,72711,0.5026163895897419,0.24460922001334276,0.014007305325353114,0.05726401206217737,0.027868779481676893,0.15524414528797276,0.08936507472537,72711
29,treasury,provisional_treasury_issue_fixed_fee0pct,pd (보정 전),0.708910059297415,144484,0.18070779740810394,144484,93294,0.6457047147088951,0.281299245903838,0.018117735088307812,0.06440733614513804,0.028058855194321886,0.21830390474726238,0.0629953411565756,93294
29,treasury,provisional_treasury_issue_fixed_fee0pct,E[XR],0.708910059297415,144484,0.014983597058538252,144484,106592,0.7377425874145234,0.28075688461456516,0.021439504932112375,0.07636323847071744,0.02906095608123803,0.21830390474726238,0.06245297986730278,106591
29,treasury,provisional_treasury_issue_fixed_fee0pct,q_score,0.708910059297415,144484,0.23400242133143676,144484,86485,0.5985783893026217,0.29452913615654874,0.01871032340512043,0.06352622239443496,0.031257933362611096,0.21830390474726238,0.07622523140928636,86482
29,cash,provisional_cash_issue_fixed_fee0pct,pd (보정 전),0.708910059297415,144645,0.1382404863834381,144645,72409,0.5005980158318643,0.22332232515614,0.011683958338416326,0.05231881017828996,0.023340001296250874,0.15146768717835185,0.07185463797778815,72409
29,cash,provisional_cash_issue_fixed_fee0pct,E[XR],0.708910059297415,144645,0.009969603412712365,144645,102858,0.7111065021258944,0.22084568839126645,0.016865097370071844,0.07636597976135584,0.02371669689371796,0.15146768717835185,0.0693780012129146,102858
29,cash,provisional_cash_issue_fixed_fee0pct,q_score,0.708910059297415,144645,0.22652726300137344,144645,68714,0.4750527152684158,0.23400407670632922,0.013205827701369233,0.05643417793079624,0.02779865744774795,0.15146768717835185,0.08253638952797737,68714
30,treasury,provisional_treasury_issue_fixed_fee0pct,pd (보정 전),0.7086106512751656,144529,0.1656055897474289,144529,86314,0.59720886465692,0.2845214154087805,0.017053750863837768,0.05993837349407398,0.028555756407994168,0.2210038715576767,0.06351754385110381,86314
30,treasury,provisional_treasury_issue_fixed_fee0pct,E[XR],0.7086106512751656,144529,0.01740571877752614,144529,98228,0.6796421479426275,0.28629262552310464,0.020870680633443363,0.07289981918087939,0.030708337757777166,0.2210038715576767,0.06528875396542794,98228
30,treasury,provisional_treasury_issue_fixed_fee0pct,q_score,0.7086106512751656,144529,0.2254336362400386,144529,87860,0.6079056798289617,0.30131123847342156,0.019274563974887006,0.06396895141565384,0.0317065041739864,0.2210038715576767,0.08030736691574486,87860
30,cash,provisional_cash_issue_fixed_fee0pct,pd (보정 전),0.7086106512751656,144675,0.13139696419239044,144675,68482,0.47335061344392604,0.22773165920083313,0.011221339006043267,0.04927439182338708,0.02370618878974489,0.15515829562079148,0.07257336358004166,68482
30,cash,provisional_cash_issue_fixed_fee0pct,E[XR],0.7086106512751656,144675,0.012617354102946197,144675,93119,0.6436426473129429,0.23041139375745656,0.016530633770010968,0.07174399451536154,0.025682937324029858,0.15515829562079148,0.07525309813666509,93118
30,cash,provisional_cash_issue_fixed_fee0pct,q_score,0.7086106512751656,144675,0.19761282963597954,144675,76159,0.5264143770520131,0.2455219018104051,0.01455577963853944,0.05928505575755961,0.027650801864595044,0.15515829562079148,0.09036360618961362,76159
31,treasury,provisional_treasury_issue_fixed_fee0pct,pd (보정 전),0.7091589327070531,144556,0.16259980201721191,144556,84892,0.5872603005063781,0.2839813336232118,0.016788360597758085,0.059117831385423515,0.028587596647145996,0.21816115332137906,0.06582018030183276,84892
31,treasury,provisional_treasury_issue_fixed_fee0pct,E[XR],0.7091589327070531,144556,0.015065876126819918,144556,106228,0.7348570796092864,0.2794654181058899,0.021375172090942737,0.076485928870275,0.029087522844996785,0.21816115332137906,0.061304264784510815,106228
31,treasury,provisional_treasury_issue_fixed_fee0pct,q_score,0.7091589327070531,144556,0.22833694812910107,144556,87501,0.6053086693046293,0.2912552161020511,0.018794657258478214,0.06452985635763842,0.03104970771370129,0.21816115332137906,0.07309406278067201,87501
31,cash,provisional_cash_issue_fixed_fee0pct,pd (보정 전),0.7091589327070531,144707,0.16259980201721191,144707,84939,0.5869722957424313,0.2275198174581515,0.013583472562871748,0.059702371048899985,0.023141590602143682,0.15248181895092416,0.07503799850722734,84939
31,cash,provisional_cash_issue_fixed_fee0pct,E[XR],0.7091589327070531,144707,0.01308617182537173,144707,91544,0.632616252150898,0.2236608220287586,0.016023016037078393,0.07163979767107082,0.025328176414374542,0.15248181895092416,0.07117900307783442,91544
31,cash,provisional_cash_issue_fixed_fee0pct,q_score,0.7091589327070531,144707,0.1972158919212911,144707,77129,0.5330011678771587,0.23707255688613155,0.014318368840168147,0.06039656815713253,0.02686367254540072,0.15248181895092416,0.08459073793520738,77129
32,treasury,provisional_treasury_issue_fixed_fee0pct,pd (보정 전),0.708067305120737,144566,0.1634121835231781,144566,85623,0.5922761921890347,0.2887346925686178,0.01702507486814546,0.058964424110885885,0.02874516161998898,0.22093130906091848,0.0678033835076993,85623
32,treasury,provisional_treasury_issue_fixed_fee0pct,E[XR],0.708067305120737,144566,0.016870699846212187,144566,100285,0.6936969965275376,0.28543789506949085,0.02099177061611102,0.07354233960773524,0.03026072005672539,0.22093130906091848,0.06450658600857237,100284
32,treasury,provisional_treasury_issue_fixed_fee0pct,q_score,0.708067305120737,144566,0.22394874994240263,144566,88416,0.6115960876001273,0.29836996234347113,0.019178219887333484,0.06427664412565708,0.03135765626393698,0.22093130906091848,0.07743865328255264,88416
32,cash,provisional_cash_issue_fixed_fee0pct,pd (보정 전),0.708067305120737,144707,0.13420911133289337,144707,70448,0.48683201227307593,0.23044548902944245,0.011553867819652668,0.050137096926130484,0.02373276105181806,0.15482614784066417,0.07561934118877828,70448
32,cash,provisional_cash_issue_fixed_fee0pct,E[XR],0.708067305120737,144707,0.011790982780949609,144707,96380,0.6660355062298299,0.22861854436504075,0.016710083824565614,0.07309155025445194,0.02508887839802259,0.15482614784066417,0.07379239652437658,96380
32,cash,provisional_cash_issue_fixed_fee0pct,q_score,0.708067305120737,144707,0.222737078409108,144707,69600,0.4809718949325188,0.2402422492075973,0.013493541801605472,0.056166398067419965,0.028054740710990275,0.15482614784066417,0.08541610136693312,69600
33,treasury,provisional_treasury_issue_fixed_fee0pct,pd (보정 전),0.7091423193680024,144578,0.17811079323291779,144578,91852,0.6353110431739268,0.2873173289602721,0.018009257777089956,0.06268072253857222,0.028347150534513258,0.22337507167658138,0.06394225728369074,91852
33,treasury,provisional_treasury_issue_fixed_fee0pct,E[XR],0.7091423193680024,144578,0.01696172211104817,144578,99491,0.6881475743197444,0.2893524215379931,0.021042706834526834,0.0727234516396448,0.030578770629727522,0.22337507167658138,0.06597734986141174,99491
33,treasury,provisional_treasury_issue_fixed_fee0pct,q_score,0.7091423193680024,144578,0.24927446443653284,144578,81328,0.5625198854597518,0.30511555074804697,0.01826278371152824,0.059855302906599815,0.03246602330618397,0.22337507167658138,0.08174047907146559,81328
33,cash,provisional_cash_issue_fixed_fee0pct,pd (보정 전),0.7091423193680024,144712,0.1540985107421875,144712,80548,0.5566089888882746,0.23042916900069782,0.012998888873882751,0.05641164671235603,0.02335371712168298,0.1577625722934817,0.07266659670721612,80548
33,cash,provisional_cash_issue_fixed_fee0pct,E[XR],0.7091423193680024,144712,0.012898060119782666,144712,91386,0.6315025706230306,0.23412887868133847,0.01647251530811385,0.0703566147025041,0.02608463698233615,0.1577625722934817,0.07636630638785677,91386
33,cash,provisional_cash_issue_fixed_fee0pct,q_score,0.7091423193680024,144712,0.20345309503478431,144712,74395,0.5140900547293935,0.24885778442923082,0.014357402091611205,0.057693200654884695,0.027927795839522013,0.1577625722934817,0.09109521213574912,74395
34,treasury,provisional_treasury_issue_fixed_fee0pct,pd (보정 전),0.708967292918723,144503,0.1599418669939041,144503,83653,0.578901476093922,0.2884912448135439,0.016665135939503268,0.057766522343771255,0.02878751674974049,0.22084094751534253,0.06765029729820135,83653
34,treasury,provisional_treasury_issue_fixed_fee0pct,E[XR],0.708967292918723,144503,0.016141415351140335,144503,102626,0.7101997882396905,0.2848736719724668,0.021207917105584635,0.07444674321334924,0.029861902885314606,0.22084094751534253,0.0640327244571243,102626
34,treasury,provisional_treasury_issue_fixed_fee0pct,q_score,0.708967292918723,144503,0.259140852159437,144503,78867,0.545781056448655,0.3044252636900163,0.017823322822011944,0.058547449728594755,0.03265654351945924,0.22084094751534253,0.0835843161746738,78867
34,cash,provisional_cash_issue_fixed_fee0pct,pd (보정 전),0.708967292918723,144640,0.1599418669939041,144640,83696,0.5786504424778761,0.23008228013777476,0.013491395451209157,0.058637264213196004,0.023315277170508655,0.1553935955233476,0.07468868461442715,83696
34,cash,provisional_cash_issue_fixed_fee0pct,E[XR],0.708967292918723,144640,0.012359845075495826,144640,93869,0.6489836836283186,0.2289628718264587,0.016480657097847143,0.07197960510528367,0.025394563089333126,0.1553935955233476,0.07356927630311108,93867
34,cash,provisional_cash_issue_fixed_fee0pct,q_score,0.708967292918723,144640,0.19540397756454547,144640,76726,0.5304618362831859,0.24650865627376878,0.014616748697460586,0.05929507271023988,0.027554760206458043,0.1553935955233476,0.09111506075042117,76726
35,treasury,provisional_treasury_issue_fixed_fee0pct,pd (보정 전),0.7105277307060145,144560,0.19378603994846344,144560,98486,0.6812811289429994,0.2789480418242322,0.018842323190607083,0.06754778799443391,0.027657192295698473,0.21936513043191502,0.059582911392317195,98486
35,treasury,provisional_treasury_issue_fixed_fee0pct,E[XR],0.7105277307060145,144560,0.01475165397672793,144560,106857,0.7391878804648588,0.2820576509202621,0.021542794199809152,0.07637727297778932,0.02914386824938386,0.21936513043191502,0.06269252048834706,106857
35,treasury,provisional_treasury_issue_fixed_fee0pct,q_score,0.7105277307060145,144560,0.22715127824717354,144560,87660,0.6063918096292197,0.2942780383220296,0.01883926746554284,0.06401859810188149,0.03106781319665609,0.21936513043191502,0.07491290789011457,87660
35,cash,provisional_cash_issue_fixed_fee0pct,pd (보정 전),0.7105277307060145,144711,0.14689838886260986,144711,77200,0.5334770680874295,0.21987354055141833,0.01222699842207495,0.055609230612357514,0.02291944518985606,0.1527928058651433,0.06708073468627504,77200
35,cash,provisional_cash_issue_fixed_fee0pct,E[XR],0.7105277307060145,144711,0.013464154897064894,144711,89639,0.6194345972317239,0.22235936217887736,0.015830929327656954,0.07119524526658817,0.025557063487260744,0.1527928058651433,0.06956655631373407,89639
35,cash,provisional_cash_issue_fixed_fee0pct,q_score,0.7105277307060145,144711,0.19880502083464371,144711,76741,0.5303052290427127,0.23453201277581545,0.014166430342071854,0.06040297089684165,0.02671372931329485,0.1527928058651433,0.08173920691067216,76741
36,treasury,provisional_treasury_issue_fixed_fee0pct,pd (보정 전),0.7093772623986929,144536,0.1871204972267151,144536,95697,0.662098024021697,0.28718082098641545,0.01873123411901224,0.06522453015723974,0.028290726507890034,0.22449042790846452,0.06269039307795093,95697
36,treasury,provisional_treasury_issue_fixed_fee0pct,E[XR],0.7093772623986929,144536,0.015437433639955651,144536,104746,0.7247052637405214,0.28721340869108836,0.02154558306720914,0.0750159373317701,0.02973013188286082,0.22449042790846452,0.06272298078262384,104746
36,treasury,provisional_treasury_issue_fixed_fee0pct,q_score,0.7093772623986929,144536,0.25631460951997714,144536,79403,0.5493648641168982,0.29736638660953796,0.017696687065554377,0.0595113901989193,0.03221299398897985,0.22449042790846452,0.07287595870107344,79403
36,cash,provisional_cash_issue_fixed_fee0pct,pd (보정 전),0.7093772623986929,144673,0.17308542132377625,144673,89571,0.6191272732299739,0.2283278792252193,0.014241027928551944,0.0623709552109089,0.023001777735063757,0.1582370674645599,0.0700908117606594,89571
36,cash,provisional_cash_issue_fixed_fee0pct,E[XR],0.7093772623986929,144673,0.011592268828565268,144673,96634,0.66794771657462,0.2296103453352286,0.016751482991023012,0.0729561334293271,0.02507903324668618,0.1582370674645599,0.07137327787066869,96634
36,cash,provisional_cash_issue_fixed_fee0pct,q_score,0.7093772623986929,144673,0.17589732484424953,144673,81905,0.5661388095912852,0.24071361032861172,0.0150636537779113,0.06257915270077684,0.026607703839958016,0.1582370674645599,0.08247654286405182,81902
37,treasury,provisional_treasury_issue_fixed_fee0pct,pd (보정 전),0.7100609686464048,144456,0.17511814832687378,144456,90212,0.6244946558121505,0.28015361354817975,0.017527689286287857,0.06256456614749838,0.028066996447700956,0.2208678478636297,0.059285765684550046,90212
37,treasury,provisional_treasury_issue_fixed_fee0pct,E[XR],0.7100609686464048,144456,0.01467344613689616,144456,106937,0.7402738550146758,0.28364412040276166,0.021630461603828113,0.07625915733105694,0.02921954011654146,0.2208678478636297,0.06277627253913196,106934
37,treasury,provisional_treasury_issue_fixed_fee0pct,q_score,0.7100609686464048,144456,0.21580246618749224,144456,90357,0.6254984216647284,0.29281206081607203,0.019210664861553595,0.06560749174062683,0.030712571281036178,0.2208678478636297,0.07194421295244233,90357
37,cash,provisional_cash_issue_fixed_fee0pct,pd (보정 전),0.7100609686464048,144604,0.17511814832687378,144604,90260,0.6241874360321983,0.22067353658345096,0.01406312623291209,0.06372819528175842,0.02253029366035918,0.15468354760382935,0.0659899889796216,90260
37,cash,provisional_cash_issue_fixed_fee0pct,E[XR],0.7100609686464048,144604,0.012019446162462283,144604,95340,0.659317861193328,0.22402128943546512,0.01638266347001259,0.07312994006641878,0.024847898766705487,0.15468354760382935,0.06933774183163577,95340
37,cash,provisional_cash_issue_fixed_fee0pct,q_score,0.7100609686464048,144604,0.19088730070414983,144604,78259,0.5411952643080413,0.23523936702582876,0.014400122138957494,0.0612147631623997,0.026607997313814507,0.15468354760382935,0.08055581942199941,78259
38,treasury,provisional_treasury_issue_fixed_fee0pct,pd (보정 전),0.7098219962413708,144487,0.16236494481563568,144487,84783,0.5867863544817181,0.28604830460071273,0.016789486732212526,0.05869458571221027,0.028612605940780474,0.22395758819437914,0.062090716406333596,84783
38,treasury,provisional_treasury_issue_fixed_fee0pct,E[XR],0.7098219962413708,144487,0.017522442836730222,144487,97274,0.6732370386263125,0.2879790074365335,0.020750375810309262,0.0720551681701175,0.030821797702409216,0.22395758819437914,0.06402141924215435,97274
38,treasury,provisional_treasury_issue_fixed_fee0pct,q_score,0.7098219962413708,144487,0.2135313933616035,144487,90760,0.6281533978835466,0.2991031896344378,0.0195401509168,0.06532912919010533,0.031107291598894683,0.22395758819437914,0.07514560144005869,90760
38,cash,provisional_cash_issue_fixed_fee0pct,pd (보정 전),0.7098219962413708,144623,0.16236494481563568,144623,84824,0.586518050379262,0.2286976545009827,0.013590849564419303,0.059427148888218234,0.023172090877051455,0.1577707942799942,0.07092686022098851,84824
38,cash,provisional_cash_issue_fixed_fee0pct,E[XR],0.7098219962413708,144623,0.012764698000846439,144623,92093,0.6367797653208688,0.23038181599933144,0.01640439863698569,0.0712052666388768,0.025761494837574853,0.1577707942799942,0.07261102171933725,92092
38,cash,provisional_cash_issue_fixed_fee0pct,q_score,0.7098219962413708,144623,0.2122114556338655,144623,71925,0.4973275343479253,0.24257372187377477,0.013836587856964046,0.0570407534257051,0.027821881760691152,0.1577707942799942,0.08480292759378058,71925
39,treasury,provisional_treasury_issue_fixed_fee0pct,pd (보정 전),0.7092511050286511,144577,0.1632699817419052,144577,85252,0.5896650227906237,0.28667066625398274,0.016859406108500695,0.05881106123906885,0.028591497641682357,0.2237439906739808,0.06292667558000195,85252
39,treasury,provisional_treasury_issue_fixed_fee0pct,E[XR],0.7092511050286511,144577,0.014928962285065246,144577,106445,0.7362512709490444,0.28408924728382606,0.021532658665564218,0.0757954018726171,0.029246344984651958,0.2237439906739808,0.06034525660984527,106445
39,treasury,provisional_treasury_issue_fixed_fee0pct,q_score,0.7092511050286511,144577,0.21426881079871507,144577,90780,0.6279007034313895,0.2963401810644957,0.01941924768509725,0.06553025517950517,0.03092725900603993,0.2237439906739808,0.07259619039051493,90780
39,cash,provisional_cash_issue_fixed_fee0pct,pd (보정 전),0.7092511050286511,144713,0.14905156195163727,144713,78152,0.5400482333999018,0.2274173677918552,0.012599878957575514,0.05540420716291226,0.023331025227602945,0.15722227361627264,0.07019509417558256,78152
39,cash,provisional_cash_issue_fixed_fee0pct,E[XR],0.7092511050286511,144713,0.014675557733567844,144713,84054,0.580832406210914,0.2249970853915953,0.01538951598370616,0.06839873484108228,0.026495622178005444,0.15722227361627264,0.06777481177532266,84054
39,cash,provisional_cash_issue_fixed_fee0pct,q_score,0.7092511050286511,144713,0.18363255540365533,144713,80241,0.5544837022244028,0.2377984044573616,0.014726765828502904,0.0619296242214391,0.026559420537382895,0.15722227361627264,0.08057613084108897,80241
40,treasury,provisional_treasury_issue_fixed_fee0pct,pd (보정 전),0.709466464516028,144516,0.2011101394891739,144516,101708,0.7037836640925572,0.2807599796547598,0.019468866074516974,0.0693434516502697,0.027663140063956572,0.21874545381703037,0.06201452583772943,101708
40,treasury,provisional_treasury_issue_fixed_fee0pct,E[XR],0.709466464516028,144516,0.016506706495077652,144516,100966,0.6986492845082898,0.2815694342058729,0.020869103682588867,0.07411707787618885,0.029870643462086375,0.21874545381703037,0.06282398038884252,100966
40,treasury,provisional_treasury_issue_fixed_fee0pct,q_score,0.709466464516028,144516,0.264487754308981,144516,78559,0.5436007085720612,0.29247580488881975,0.017395057014255533,0.059475200079795246,0.031999695254167605,0.21874545381703037,0.07373035107178938,78559
40,cash,provisional_cash_issue_fixed_fee0pct,pd (보정 전),0.709466464516028,144676,0.1467428058385849,144676,77455,0.5353686858912329,0.21937801551210004,0.012252727619841232,0.05585212169617245,0.022886522769713383,0.15151182373821576,0.06786619177388428,77455
40,cash,provisional_cash_issue_fixed_fee0pct,E[XR],0.709466464516028,144676,0.014131024998852253,144676,86681,0.5991387652409522,0.22283392519897102,0.015600475085273147,0.07000942550079842,0.026038166765923076,0.15151182373821576,0.07132210146075527,86681
40,cash,provisional_cash_issue_fixed_fee0pct,q_score,0.709466464516028,144676,0.22204253883220174,144676,69963,0.4835840084049877,0.23375574363701096,0.013350964537159688,0.05711502241371883,0.027608366499122607,0.15151182373821576,0.0822439198987952,69963
41,treasury,provisional_treasury_issue_fixed_fee0pct,pd (보정 전),0.7077427672581699,144569,0.1752585470676422,144569,90741,0.6276656821310239,0.2851744220772257,0.01783995877801749,0.06255806060046985,0.028422708594562654,0.21833155930156523,0.06684286277566048,90741
41,treasury,provisional_treasury_issue_fixed_fee0pct,E[XR],0.7077427672581699,144569,0.01567661998702527,144569,104214,0.7208599353941716,0.2819858542946774,0.02129371156809687,0.0755134033987326,0.02953931897526433,0.21833155930156523,0.06365429499311215,104213
41,treasury,provisional_treasury_issue_fixed_fee0pct,q_score,0.7077427672581699,144569,0.25715375483699593,144569,80218,0.5548769099876184,0.2965749703063391,0.017904325644264203,0.060370319267952145,0.03226720254887471,0.21833155930156523,0.07824341100477389,80218
41,cash,provisional_cash_issue_fixed_fee0pct,pd (보정 전),0.7077427672581699,144711,0.13867104053497314,144711,72185,0.49882178963589496,0.22927903725802737,0.011800369661757798,0.051467285465297434,0.023656483952658205,0.15331317911700815,0.07596585814101922,72185
41,cash,provisional_cash_issue_fixed_fee0pct,E[XR],0.7077427672581699,144711,0.013062588141741667,144711,91083,0.6294131061218566,0.22647861879279035,0.016181909504244137,0.07145005383068403,0.025709521055176855,0.15331317911700815,0.0731654396757822,91083
41,cash,provisional_cash_issue_fixed_fee0pct,q_score,0.7077427672581699,144711,0.23343636039042437,144711,66367,0.4586175204372854,0.24266804693746905,0.013159967564378669,0.05423032710926465,0.028694864408648896,0.15331317911700815,0.0893548678204609,66367
42,treasury,provisional_treasury_issue_fixed_fee0pct,pd (보정 전),0.7085938639600357,144543,0.15894170105457306,144543,83274,0.5761192171187812,0.2906623728548333,0.016679184622040516,0.05738336358511082,0.028950925652948118,0.22186636043981045,0.06879601241502287,83274
42,treasury,provisional_treasury_issue_fixed_fee0pct,E[XR],0.7085938639600357,144543,0.014252894410174294,144543,108396,0.7499221684896537,0.2864383959905739,0.02195166288089402,0.07663659337633925,0.029271921545011483,0.22186636043981045,0.06457203555076346,108396
42,treasury,provisional_treasury_issue_fixed_fee0pct,q_score,0.7085938639600357,144543,0.24154689087021472,144543,83715,0.5791702123243603,0.3048011012861238,0.018675805179940497,0.06127210532096847,0.03224579714655843,0.22186636043981045,0.08293474084631336,83715
42,cash,provisional_cash_issue_fixed_fee0pct,pd (보정 전),0.7085938639600357,144695,0.1585104763507843,144695,83095,0.5742769273299009,0.23023670236027965,0.013458548656187043,0.05845527024235358,0.02343564231069239,0.15480384496653346,0.0754328573937462,83095
42,cash,provisional_cash_issue_fixed_fee0pct,E[XR],0.7085938639600357,144695,0.015538184356161742,144695,80062,0.5533155948719721,0.22674770351755208,0.015194242653193817,0.06700946654582447,0.027460354983686135,0.15480384496653346,0.07194385855101862,80062
42,cash,provisional_cash_issue_fixed_fee0pct,q_score,0.7085938639600357,144695,0.1927900020731115,144695,77758,0.5373924461798957,0.242836545183686,0.014677802037551323,0.06044313481091356,0.02731300401017887,0.15480384496653346,0.08803270021715254,77758
43,treasury,provisional_treasury_issue_fixed_fee0pct,pd (보정 전),0.7084585217607505,144552,0.16939397156238556,144552,87995,0.608742874536499,0.2863726078982417,0.017341225900096954,0.06055476474295254,0.028486946830056415,0.2185160200129952,0.06785658788524651,87995
43,treasury,provisional_treasury_issue_fixed_fee0pct,E[XR],0.7084585217607505,144552,0.016614835210268717,144552,101225,0.7002670319331452,0.2853318224378485,0.02107903217813403,0.07387550395897279,0.030101420196726403,0.2185160200129952,0.0668158024248533,101225
43,treasury,provisional_treasury_issue_fixed_fee0pct,q_score,0.7084585217607505,144552,0.22059230302507368,144552,89392,0.6184072167801207,0.29930330380591136,0.019364107756677514,0.06469727367007054,0.03131287480359818,0.2185160200129952,0.08078728379291616,89392
43,cash,provisional_cash_issue_fixed_fee0pct,pd (보정 전),0.7084585217607505,144705,0.13905900716781616,144705,72543,0.5013164714418991,0.22903438029107356,0.011821468974874754,0.051614386276217894,0.023580850916135963,0.15179645923547808,0.07723792105559549,72543
43,cash,provisional_cash_issue_fixed_fee0pct,E[XR],0.7084585217607505,144705,0.013051175312144198,144705,91235,0.6304896168066065,0.228246282988628,0.016223036372988685,0.07107689185803548,0.025730854149759716,0.15179645923547808,0.07644982375314993,91235
43,cash,provisional_cash_issue_fixed_fee0pct,q_score,0.7084585217607505,144705,0.1737036947322312,144705,83291,0.5755917210877302,0.24190245988288223,0.015303061662619884,0.06326128998449804,0.02658666047819586,0.15179645923547808,0.09010600064740415,83291
44,treasury,provisional_treasury_issue_fixed_fee0pct,pd (보정 전),0.7092823610290975,144516,0.1728750467300415,144516,89561,0.6197306872595422,0.28203381728049365,0.017449943855553568,0.061871813897382485,0.028157301573555223,0.22205404315760924,0.05997977412288441,89561
44,treasury,provisional_treasury_issue_fixed_fee0pct,E[XR],0.7092823610290975,144516,0.014554898943941907,144516,107423,0.7433294583298735,0.2843879838696142,0.021700200984944108,0.07630491517144097,0.029193247680107448,0.22205404315760924,0.06233394071200499,107423
44,treasury,provisional_treasury_issue_fixed_fee0pct,q_score,0.7092823610290975,144516,0.21997170126777443,144516,89383,0.6184989897312408,0.2944389805459568,0.019125265338093903,0.06495493668206648,0.030922063989796477,0.22205404315760924,0.07238493738834756,89383
44,cash,provisional_cash_issue_fixed_fee0pct,pd (보정 전),0.7092823610290975,144668,0.15922079980373383,144668,83113,0.5745085298753007,0.2218618463882718,0.013109346340395145,0.059087880831289075,0.022818366758176035,0.15514006566159316,0.06672178072667864,83113
44,cash,provisional_cash_issue_fixed_fee0pct,E[XR],0.7092823610290975,144668,0.010235070476513121,144668,101477,0.7014474520972157,0.22277339552549988,0.01682092932118989,0.0755069036925056,0.023980312810172738,0.15514006566159316,0.06763332986390672,101477
44,cash,provisional_cash_issue_fixed_fee0pct,q_score,0.7092823610290975,144668,0.17503543714633651,144668,82853,0.5727113114164847,0.23373942968112493,0.014888748132890662,0.06369805964363875,0.025996951406575826,0.15514006566159316,0.07859936401953177,82853
45,treasury,provisional_treasury_issue_fixed_fee0pct,pd (보정 전),0.7092521792938002,144566,0.1923784613609314,144566,97668,0.6755945381348312,0.2847496806579611,0.018977536221449178,0.06664638280753223,0.02809012677018084,0.2202900687112172,0.06445961194674388,97668
45,treasury,provisional_treasury_issue_fixed_fee0pct,E[XR],0.7092521792938002,144566,0.016169546306782204,144566,102691,0.710339913949338,0.28392859543484017,0.02116739175181822,0.0745518137030288,0.029798961505812117,0.2202900687112172,0.06363852672362297,102691
45,treasury,provisional_treasury_issue_fixed_fee0pct,q_score,0.7092521792938002,144566,0.23923926583323596,144566,84762,0.5863204349570439,0.29737944728489285,0.018540188183008635,0.0623452237613356,0.031621255336882405,0.2202900687112172,0.07708937857367565,84762
45,cash,provisional_cash_issue_fixed_fee0pct,pd (보정 전),0.7092521792938002,144708,0.1827571839094162,144708,93647,0.6471445946319485,0.2254500546830854,0.014689458711422753,0.06515615501652032,0.022698881877823783,0.15426636023263904,0.07118369445044637,93647
45,cash,provisional_cash_issue_fixed_fee0pct,E[XR],0.7092521792938002,144708,0.0114812872061105,144708,97227,0.6718840699892197,0.22608889910879074,0.016646576727457674,0.0736284567401804,0.024775965781901582,0.15426636023263904,0.0718225388761517,97223
45,cash,provisional_cash_issue_fixed_fee0pct,q_score,0.7092521792938002,144708,0.20505891019494513,144708,74563,0.5152652237609531,0.23772367315119017,0.014032217130177707,0.059027428544088975,0.027232998624971576,0.15426636023263904,0.08345731291855113,74563
46,treasury,provisional_treasury_issue_fixed_fee0pct,pd (보정 전),0.7085114379046149,144546,0.17960436642169952,144546,92716,0.6414290260539898,0.28274138043051816,0.01799894587690522,0.06365868996429223,0.02806069751416306,0.2203568837848334,0.06238449664568477,92716
46,treasury,provisional_treasury_issue_fixed_fee0pct,E[XR],0.7085114379046149,144546,0.015949082305614058,144546,103263,0.7143954173757835,0.28265896040024896,0.02113441488202015,0.07477001561210207,0.029583637251837387,0.2203568837848334,0.062302076615415564,103263
46,treasury,provisional_treasury_issue_fixed_fee0pct,q_score,0.7085114379046149,144546,0.21248309969800833,144546,91130,0.630456740414816,0.29586212376096477,0.019434898751458544,0.06568903955800731,0.030826696751106407,0.2203568837848334,0.07550523997613137,91130
46,cash,provisional_cash_issue_fixed_fee0pct,pd (보정 전),0.7085114379046149,144713,0.14018379151821136,144713,73479,0.5077567322908101,0.22545747067017544,0.011869227584612412,0.052645084455761715,0.023375815286707985,0.1525696664665209,0.07288780420365454,73479
46,cash,provisional_cash_issue_fixed_fee0pct,E[XR],0.7085114379046149,144713,0.012036896969791839,144713,95075,0.656990042359705,0.22431605426391388,0.016343909842201375,0.07286107940792166,0.024876952142986988,0.1525696664665209,0.07174638779739298,95074
46,cash,provisional_cash_issue_fixed_fee0pct,q_score,0.7085114379046149,144713,0.2029907382192091,144713,74781,0.5167538507252285,0.23941360685657004,0.014087814904878171,0.05884300015292428,0.027262138221334758,0.1525696664665209,0.08684394039004914,74781
47,treasury,provisional_treasury_issue_fixed_fee0pct,pd (보정 전),0.7091403530773601,144474,0.17744262516498566,144474,91999,0.6367858576629705,0.28067694229754925,0.01783180840143208,0.06353143316820485,0.02800283358502264,0.21564905968547188,0.06502788261207737,91999
47,treasury,provisional_treasury_issue_fixed_fee0pct,E[XR],0.7091403530773601,144474,0.015078284866394022,144474,106320,0.735910959757465,0.2808981987618662,0.021483803571644818,0.07648252522206084,0.02919348229128869,0.21564905968547188,0.06524913907639435,106320
47,treasury,provisional_treasury_issue_fixed_fee0pct,q_score,0.7091403530773601,144474,0.24508786202609215,144474,83052,0.5748577598737489,0.29430286555786245,0.018170036667049312,0.06173924481705359,0.03160788274135821,0.21564905968547188,0.07865380587239057,83051
47,cash,provisional_cash_issue_fixed_fee0pct,pd (보정 전),0.7091403530773601,144623,0.16087649762630463,144623,84243,0.5825007087392738,0.22153369401197853,0.013266947723415785,0.05988681668754556,0.022775848208202002,0.14938164871977364,0.0721520452922049,84243
47,cash,provisional_cash_issue_fixed_fee0pct,E[XR],0.7091403530773601,144623,0.012562773908213639,144623,93554,0.6468818929215961,0.2216103682653088,0.01615395209804814,0.07289348519428088,0.024972027003399278,0.14938164871977364,0.07222871954553517,93553
47,cash,provisional_cash_issue_fixed_fee0pct,q_score,0.7091403530773601,144623,0.1828228620197589,144623,81029,0.5602774109235737,0.2364481323655848,0.014783598939354832,0.06252364436735014,0.02638621270663977,0.14938164871977364,0.08706648364581115,81029
48,treasury,provisional_treasury_issue_fixed_fee0pct,pd (보정 전),0.7090916846233581,144574,0.18777455389499664,144574,96339,0.6663646298781247,0.2834871694235168,0.018703356508935017,0.06597602475970249,0.028067751003464547,0.22106275379745963,0.06242441562605719,96339
48,treasury,provisional_treasury_issue_fixed_fee0pct,E[XR],0.7090916846233581,144574,0.016099117688294903,144574,102201,0.7069113395216291,0.28329441365507363,0.02110838889017944,0.07451043110185726,0.029860023046827347,0.22106275379745963,0.062231659857614,102201
48,treasury,provisional_treasury_issue_fixed_fee0pct,q_score,0.7090916846233581,144574,0.2698295844077449,144574,76583,0.5297148864941137,0.2942974364365823,0.017139763493770582,0.05823959495303307,0.03235658262732445,0.22106275379745963,0.07323468263912267,76583
48,cash,provisional_cash_issue_fixed_fee0pct,pd (보정 전),0.7090916846233581,144707,0.1371474713087082,144707,71707,0.49553235157939834,0.22778200733036974,0.011663678627111575,0.05120544315071728,0.02353767335257973,0.15557027659443956,0.07221173073593018,71707
48,cash,provisional_cash_issue_fixed_fee0pct,E[XR],0.7090916846233581,144707,0.01213931226133367,144707,94462,0.6527811370562585,0.22600364962109076,0.01637789003720053,0.07246736972903975,0.02508940456070353,0.15557027659443956,0.0704333730266512,94462
48,cash,provisional_cash_issue_fixed_fee0pct,q_score,0.7090916846233581,144707,0.21578674862591907,144707,71358,0.493120581589004,0.23992798813981867,0.013665976854752352,0.05695866064111027,0.027713255874893476,0.15557027659443956,0.0843577115453791,71356
49,treasury,provisional_treasury_issue_fixed_fee0pct,pd (보정 전),0.7087865480088769,144502,0.15289057791233063,144502,80089,0.5542414637859684,0.2867918956679509,0.015999959367188538,0.05578944038818528,0.02886821072154076,0.21947027233048855,0.06732162333746233,80089
49,treasury,provisional_treasury_issue_fixed_fee0pct,E[XR],0.7087865480088769,144502,0.01607368463432118,144502,102574,0.7098448464381116,0.2846297810894934,0.021191421319120364,0.07445257919957865,0.02985359607167051,0.21947027233048855,0.06515950875900484,102574
49,treasury,provisional_treasury_issue_fixed_fee0pct,q_score,0.7087865480088769,144502,0.23346665151683013,144502,86088,0.595756460118199,0.30050914348023117,0.01889957430670308,0.06289184444715716,0.031723658192398564,0.21947027233048855,0.08103887114974262,86088
49,cash,provisional_cash_issue_fixed_fee0pct,pd (보정 전),0.7087865480088769,144658,0.15232118964195251,144658,79792,0.5515906482876854,0.23011917041754767,0.012943023071719868,0.05624487107365006,0.023464906651153656,0.1522043181604491,0.07791485225709857,79792
49,cash,provisional_cash_issue_fixed_fee0pct,E[XR],0.7087865480088769,144658,0.013368316754346014,144658,89603,0.6194126837091622,0.2268822551794467,0.016022251422899893,0.07061923556001239,0.02586684426117265,0.1522043181604491,0.07467793701899761,89603
49,cash,provisional_cash_issue_fixed_fee0pct,q_score,0.7087865480088769,144658,0.15358289361793193,144658,89040,0.6155207454824483,0.24124619942163147,0.015964338722974897,0.06617446725070529,0.025936313016488126,0.1522043181604491,0.08904188126118237,89036
